student_code,semester_1,semester_2,semester_3,semester_3_status,semester_3_count,semester_1_attendance_rate,semester_1_average_score,semester_2_attendance_rate,semester_2_average_score,semester_3_attendance_rate,semester_3_average_score
TH00179,"{'PDP': {'attendance_rate': Decimal('100.00000'), 'average_score': Decimal('7.8'), 'passed': True, 'number_of_credit': 3, 'learnt_times': 1, 'full_subject_code': 'PDP101'}, 'COM': {'attendance_rate': None, 'average_score': None, 'learnt_times': None, 'passed': True, 'number_of_credit': None, 'full_subject_code': 'COM107'}, 'COM2': {'attendance_rate': Decimal('94.11765'), 'average_score': Decimal('8.8'), 'passed': True, 'number_of_credit': 3, 'learnt_times': 1, 'full_subject_code': 'COM108'}, 'ITI': {'attendance_rate': Decimal('88.23529'), 'average_score': Decimal('8.3'), 'passed': True, 'number_of_credit': 3, 'learnt_times': 1, 'full_subject_code': 'ITI101'}, 'VIE': {'attendance_rate': None, 'average_score': None, 'learnt_times': None, 'passed': True, 'number_of_credit': None, 'full_subject_code': 'VIE103'}, 'ENT': {'attendance_rate': None, 'average_score': None, 'learnt_times': None, 'passed': True, 'number_of_credit': None, 'full_subject_code': 'ENT111'}}","{'WEB': {'attendance_rate': Decimal('94.11765'), 'average_score': Decimal('9.2'), 'passed': True, 'number_of_credit': 3, 'learnt_times': 1, 'full_subject_code': 'WEB101'}, 'MOB': {'attendance_rate': Decimal('100.00000'), 'average_score': Decimal('8.6'), 'passed': True, 'number_of_credit': 3, 'learnt_times': 1, 'full_subject_code': 'MOB101'}, 'COM3': {'attendance_rate': Decimal('94.11765'), 'average_score': Decimal('8.8'), 'passed': True, 'number_of_credit': 3, 'learnt_times': 1, 'full_subject_code': 'COM201'}, 'WEB2': {'attendance_rate': Decimal('94.11765'), 'average_score': Decimal('6.2'), 'passed': True, 'number_of_credit': 3, 'learnt_times': 1, 'full_subject_code': 'WEB104'}, 'VIE2': {'attendance_rate': None, 'average_score': None, 'learnt_times': None, 'passed': True, 'full_subject_code': 'VIE102'}, 'ENT2': {'attendance_rate': None, 'average_score': None, 'learnt_times': None, 'passed': True, 'full_subject_code': 'ENT121'}}","{'WEB3': {'attendance_rate': Decimal('94.11765'), 'average_score': Decimal('8.6'), 'passed': True, 'number_of_credit': 3, 'learnt_times': 1, 'full_subject_code': 'WEB105'}, 'WEB4': {'attendance_rate': Decimal('37.50000'), 'average_score': Decimal('9.5'), 'passed': True, 'number_of_credit': 3, 'learnt_times': 1, 'full_subject_code': 'WEB302'}, 'WEB5': {'attendance_rate': Decimal('100.00000'), 'average_score': Decimal('9.7'), 'passed': True, 'number_of_credit': 3, 'learnt_times': 1, 'full_subject_code': 'WEB201'}, 'WEB6': {'attendance_rate': Decimal('94.11765'), 'average_score': Decimal('7.0'), 'passed': True, 'number_of_credit': 3, 'learnt_times': 1, 'full_subject_code': 'WEB205'}, 'VIE3': {'attendance_rate': None, 'average_score': None, 'learnt_times': None, 'passed': True, 'full_subject_code': 'VIE101'}, 'ENT3': {'attendance_rate': None, 'average_score': None, 'learnt_times': None, 'passed': True, 'full_subject_code': 'ENT211'}}",HDI,1,94.11765,8.3,95.58824,8.2,82.08955,8.7
PH48152,"{'PDP': {'attendance_rate': Decimal('88.23529'), 'average_score': Decimal('6.8'), 'passed': True, 'number_of_credit': 3, 'learnt_times': 1, 'full_subject_code': 'PDP101'}, 'COM': {'attendance_rate': Decimal('61.11111'), 'average_score': Decimal('9.0'), 'passed': True, 'number_of_credit': 3, 'learnt_times': 1, 'full_subject_code': 'COM107'}, 'COM2': {'attendance_rate': Decimal('88.23529'), 'average_score': Decimal('8.8'), 'passed': True, 'number_of_credit': 3, 'learnt_times': 1, 'full_subject_code': 'COM108'}, 'ITI': {'attendance_rate': Decimal('94.11765'), 'average_score': Decimal('8.2'), 'passed': True, 'number_of_credit': 3, 'learnt_times': 1, 'full_subject_code': 'ITI101'}, 'VIE': {'attendance_rate': Decimal('100.00000'), 'average_score': Decimal('8.2'), 'passed': True, 'number_of_credit': 2, 'learnt_times': 1, 'full_subject_code': 'VIE103'}, 'ENT': {'attendance_rate': Decimal('100.00000'), 'average_score': Decimal('8.5'), 'passed': True, 'number_of_credit': 3, 'learnt_times': 1, 'full_subject_code': 'ENT111'}}","{'MOB': {'attendance_rate': Decimal('100.00000'), 'average_score': Decimal('5.6'), 'passed': False, 'number_of_credit': 3, 'learnt_times': 1, 'full_subject_code': 'MOB101'}, 'WEB': {'attendance_rate': Decimal('94.11765'), 'average_score': Decimal('7.7'), 'passed': True, 'number_of_credit': 3, 'learnt_times': 1, 'full_subject_code': 'WEB101'}, 'MOB2': {'attendance_rate': Decimal('88.23529'), 'average_score': Decimal('6.3'), 'passed': True, 'number_of_credit': 3, 'learnt_times': 1, 'full_subject_code': 'MOB102'}, 'WEB2': {'attendance_rate': Decimal('88.23529'), 'average_score': Decimal('6.1'), 'passed': True, 'number_of_credit': 3, 'learnt_times': 1, 'full_subject_code': 'WEB106'}, 'VIE2': {'attendance_rate': None, 'average_score': None, 'learnt_times': None, 'passed': False, 'full_subject_code': 'VIE102'}, 'ENT2': {'attendance_rate': Decimal('82.35294'), 'average_score': Decimal('6.2'), 'passed': True, 'number_of_credit': 3, 'learnt_times': 1, 'full_subject_code': 'ENT121'}}","{'AND': {'attendance_rate': Decimal('52.94118'), 'average_score': Decimal('0.9'), 'passed': False, 'number_of_credit': 3, 'learnt_times': 1, 'full_subject_code': 'AND101'}, 'COM3': {'attendance_rate': Decimal('94.11765'), 'average_score': Decimal('8.3'), 'passed': True, 'number_of_credit': 3, 'learnt_times': 1, 'full_subject_code': 'COM201'}, 'AND2': {'attendance_rate': Decimal('0.00000'), 'average_score': Decimal('0.0'), 'passed': False, 'number_of_credit': 3, 'learnt_times': 1, 'full_subject_code': 'AND102'}, 'SOF': {'attendance_rate': Decimal('100.00000'), 'average_score': Decimal('9.1'), 'passed': True, 'number_of_credit': 3, 'learnt_times': 1, 'full_subject_code': 'SOF102'}, 'VIE3': {'attendance_rate': None, 'average_score': None, 'learnt_times': None, 'passed': False, 'full_subject_code': 'VIE101'}, 'ENT3': {'attendance_rate': Decimal('82.35294'), 'average_score': Decimal('5.9'), 'passed': True, 'number_of_credit': 3, 'learnt_times': 1, 'full_subject_code': 'ENT211'}}",HDI,1,88.34951,8.252941176470588235294117647,90.58824,6.38,65.88235,4.84
PH48150,"{'PDP': {'attendance_rate': Decimal('94.11765'), 'average_score': Decimal('6.7'), 'passed': True, 'number_of_credit': 3, 'learnt_times': 1, 'full_subject_code': 'PDP101'}, 'COM': {'attendance_rate': Decimal('55.55556'), 'average_score': Decimal('7.3'), 'passed': True, 'number_of_credit': 3, 'learnt_times': 1, 'full_subject_code': 'COM107'}, 'COM2': {'attendance_rate': Decimal('82.35294'), 'average_score': Decimal('7.1'), 'passed': True, 'number_of_credit': 3, 'learnt_times': 1, 'full_subject_code': 'COM108'}, 'ITI': {'attendance_rate': Decimal('88.23529'), 'average_score': Decimal('8.7'), 'passed': True, 'number_of_credit': 3, 'learnt_times': 1, 'full_subject_code': 'ITI101'}, 'VIE': {'attendance_rate': Decimal('100.00000'), 'average_score': Decimal('6.8'), 'passed': True, 'number_of_credit': 2, 'learnt_times': 1, 'full_subject_code': 'VIE103'}, 'ENT': {'attendance_rate': Decimal('88.23529'), 'average_score': Decimal('8.9'), 'passed': True, 'number_of_credit': 3, 'learnt_times': 1, 'full_subject_code': 'ENT111'}}","{'WEB': {'attendance_rate': Decimal('100.00000'), 'average_score': Decimal('7.3'), 'passed': True, 'number_of_credit': 3, 'learnt_times': 1, 'full_subject_code': 'WEB101'}, 'MOB': {'attendance_rate': Decimal('94.11765'), 'average_score': Decimal('6.4'), 'passed': True, 'number_of_credit': 3, 'learnt_times': 1, 'full_subject_code': 'MOB101'}, 'COM3': {'attendance_rate': Decimal('94.11765'), 'average_score': Decimal('7.8'), 'passed': True, 'number_of_credit': 3, 'learnt_times': 1, 'full_subject_code': 'COM201'}, 'WEB2': {'attendance_rate': Decimal('94.11765'), 'average_score': Decimal('8.7'), 'passed': True, 'number_of_credit': 3, 'learnt_times': 1, 'full_subject_code': 'WEB104'}, 'VIE2': {'attendance_rate': Decimal('40.00000'), 'average_score': Decimal('9.0'), 'passed': True, 'number_of_credit': 2, 'learnt_times': 1, 'full_subject_code': 'VIE102'}, 'ENT2': {'attendance_rate': Decimal('88.23529'), 'average_score': Decimal('8.5'), 'passed': True, 'number_of_credit': 3, 'learnt_times': 1, 'full_subject_code': 'ENT121'}}","{'WEB3': {'attendance_rate': Decimal('94.11765'), 'average_score': Decimal('8.2'), 'passed': True, 'number_of_credit': 3, 'learnt_times': 1, 'full_subject_code': 'WEB105'}, 'WEB4': {'attendance_rate': Decimal('37.50000'), 'average_score': Decimal('6.5'), 'passed': True, 'number_of_credit': 3, 'learnt_times': 1, 'full_subject_code': 'WEB302'}, 'WEB5': {'attendance_rate': Decimal('100.00000'), 'average_score': Decimal('7.5'), 'passed': True, 'number_of_credit': 3, 'learnt_times': 1, 'full_subject_code': 'WEB201'}, 'WEB6': {'attendance_rate': Decimal('94.11765'), 'average_score': Decimal('7.9'), 'passed': True, 'number_of_credit': 3, 'learnt_times': 1, 'full_subject_code': 'WEB205'}, 'VIE3': {'attendance_rate': Decimal('37.50000'), 'average_score': Decimal('10.0'), 'passed': True, 'number_of_credit': 4, 'learnt_times': 1, 'full_subject_code': 'VIE101'}, 'ENT3': {'attendance_rate': Decimal('82.35294'), 'average_score': Decimal('7.9'), 'passed': True, 'number_of_credit': 3, 'learnt_times': 1, 'full_subject_code': 'ENT211'}}",HDI,1,84.46602,7.629411764705882352941176471,88.42105,7.888235294117647058823529412,75.00000,8.105263157894736842105263158
PH48149,"{'PDP': {'attendance_rate': Decimal('100.00000'), 'average_score': Decimal('6.7'), 'passed': True, 'number_of_credit': 3, 'learnt_times': 1, 'full_subject_code': 'PDP101'}, 'COM': {'attendance_rate': Decimal('61.11111'), 'average_score': Decimal('10.0'), 'passed': True, 'number_of_credit': 3, 'learnt_times': 1, 'full_subject_code': 'COM107'}, 'COM2': {'attendance_rate': Decimal('88.23529'), 'average_score': Decimal('7.0'), 'passed': True, 'number_of_credit': 3, 'learnt_times': 1, 'full_subject_code': 'COM108'}, 'ITI': {'attendance_rate': Decimal('94.11765'), 'average_score': Decimal('9.1'), 'passed': True, 'number_of_credit': 3, 'learnt_times': 1, 'full_subject_code': 'ITI101'}, 'VIE': {'attendance_rate': Decimal('88.23529'), 'average_score': Decimal('7.4'), 'passed': True, 'number_of_credit': 2, 'learnt_times': 1, 'full_subject_code': 'VIE103'}, 'ENT': {'attendance_rate': Decimal('94.11765'), 'average_score': Decimal('7.0'), 'passed': True, 'number_of_credit': 3, 'learnt_times': 1, 'full_subject_code': 'ENT111'}}","{'WEB': {'attendance_rate': Decimal('100.00000'), 'average_score': Decimal('7.3'), 'passed': True, 'number_of_credit': 3, 'learnt_times': 1, 'full_subject_code': 'WEB101'}, 'MOB': {'attendance_rate': Decimal('100.00000'), 'average_score': Decimal('7.0'), 'passed': True, 'number_of_credit': 3, 'learnt_times': 1, 'full_subject_code': 'MOB101'}, 'COM3': {'attendance_rate': Decimal('100.00000'), 'average_score': Decimal('8.4'), 'passed': True, 'number_of_credit': 3, 'learnt_times': 1, 'full_subject_code': 'COM201'}, 'WEB2': {'attendance_rate': Decimal('94.11765'), 'average_score': Decimal('9.1'), 'passed': True, 'number_of_credit': 3, 'learnt_times': 1, 'full_subject_code': 'WEB104'}, 'VIE2': {'attendance_rate': None, 'average_score': None, 'learnt_times': None, 'passed': False, 'full_subject_code': 'VIE102'}, 'ENT2': {'attendance_rate': Decimal('100.00000'), 'average_score': Decimal('6.5'), 'passed': True, 'number_of_credit': 3, 'learnt_times': 1, 'full_subject_code': 'ENT121'}}","{'WEB3': {'attendance_rate': Decimal('94.11765'), 'average_score': Decimal('7.8'), 'passed': True, 'number_of_credit': 3, 'learnt_times': 1, 'full_subject_code': 'WEB105'}, 'WEB4': {'attendance_rate': Decimal('37.50000'), 'average_score': Decimal('6.5'), 'passed': True, 'number_of_credit': 3, 'learnt_times': 1, 'full_subject_code': 'WEB302'}, 'WEB5': {'attendance_rate': Decimal('100.00000'), 'average_score': Decimal('7.9'), 'passed': True, 'number_of_credit': 3, 'learnt_times': 1, 'full_subject_code': 'WEB201'}, 'WEB6': {'attendance_rate': Decimal('100.00000'), 'average_score': Decimal('8.1'), 'passed': True, 'number_of_credit': 3, 'learnt_times': 1, 'full_subject_code': 'WEB205'}, 'VIE3': {'attendance_rate': None, 'average_score': None, 'learnt_times': None, 'passed': False, 'full_subject_code': 'VIE101'}, 'ENT3': {'attendance_rate': Decimal('82.35294'), 'average_score': Decimal('6.6'), 'passed': True, 'number_of_credit': 3, 'learnt_times': 1, 'full_subject_code': 'ENT211'}}",HDI,1,87.37864,7.894117647058823529411764706,98.82353,7.66,83.33333,7.38
PH48139,"{'PDP': {'attendance_rate': Decimal('88.23529'), 'average_score': Decimal('7.3'), 'passed': True, 'number_of_credit': 3, 'learnt_times': 1, 'full_subject_code': 'PDP101'}, 'COM': {'attendance_rate': Decimal('61.11111'), 'average_score': Decimal('9.0'), 'passed': True, 'number_of_credit': 3, 'learnt_times': 1, 'full_subject_code': 'COM107'}, 'COM2': {'attendance_rate': Decimal('100.00000'), 'average_score': Decimal('8.4'), 'passed': True, 'number_of_credit': 3, 'learnt_times': 1, 'full_subject_code': 'COM108'}, 'ITI': {'attendance_rate': Decimal('100.00000'), 'average_score': Decimal('7.7'), 'passed': True, 'number_of_credit': 3, 'learnt_times': 1, 'full_subject_code': 'ITI101'}, 'VIE': {'attendance_rate': Decimal('88.23529'), 'average_score': Decimal('6.8'), 'passed': True, 'number_of_credit': 2, 'learnt_times': 1, 'full_subject_code': 'VIE103'}, 'ENT': {'attendance_rate': Decimal('94.11765'), 'average_score': Decimal('7.9'), 'passed': True, 'number_of_credit': 3, 'learnt_times': 1, 'full_subject_code': 'ENT111'}}","{'WEB': {'attendance_rate': Decimal('88.23529'), 'average_score': Decimal('7.8'), 'passed': True, 'number_of_credit': 3, 'learnt_times': 1, 'full_subject_code': 'WEB101'}, 'NET': {'attendance_rate': Decimal('94.11765'), 'average_score': Decimal('7.4'), 'passed': True, 'number_of_credit': 3, 'learnt_times': 1, 'full_subject_code': 'NET101'}, 'COM3': {'attendance_rate': Decimal('88.23529'), 'average_score': Decimal('7.9'), 'passed': True, 'number_of_credit': 3, 'learnt_times': 1, 'full_subject_code': 'COM201'}, 'WEB2': {'attendance_rate': Decimal('88.23529'), 'average_score': Decimal('8.1'), 'passed': True, 'number_of_credit': 3, 'learnt_times': 1, 'full_subject_code': 'WEB104'}, 'VIE2': {'attendance_rate': None, 'average_score': None, 'learnt_times': None, 'passed': False, 'full_subject_code': 'VIE102'}, 'ENT2': {'attendance_rate': Decimal('94.11765'), 'average_score': Decimal('6.9'), 'passed': True, 'number_of_credit': 3, 'learnt_times': 1, 'full_subject_code': 'ENT121'}}","{'COM4': {'attendance_rate': Decimal('70.58824'), 'average_score': Decimal('3.6'), 'passed': False, 'number_of_credit': 3, 'learnt_times': 1, 'full_subject_code': 'COM203'}, 'NET2': {'attendance_rate': Decimal('82.35294'), 'average_score': Decimal('4.9'), 'passed': False, 'number_of_credit': 3, 'learnt_times': 1, 'full_subject_code': 'NET102'}, 'NET3': {'attendance_rate': Decimal('88.23529'), 'average_score': Decimal('5.4'), 'passed': True, 'number_of_credit': 3, 'learnt_times': 1, 'full_subject_code': 'NET103'}, 'PMA': {'attendance_rate': Decimal('29.41176'), 'average_score': Decimal('1.0'), 'passed': False, 'number_of_credit': 3, 'learnt_times': 1, 'full_subject_code': 'PMA101'}, 'VIE3': {'attendance_rate': None, 'average_score': None, 'learnt_times': None, 'passed': False, 'full_subject_code': 'VIE101'}, 'ENT3': {'attendance_rate': Decimal('82.35294'), 'average_score': Decimal('3.1'), 'passed': False, 'number_of_credit': 3, 'learnt_times': 1, 'full_subject_code': 'ENT211'}}",HDI,1,88.34951,7.911764705882352941176470588,90.58824,7.62,70.58824,3.6
PH48138,"{'PDP': {'attendance_rate': Decimal('100.00000'), 'average_score': Decimal('8.2'), 'passed': True, 'number_of_credit': 3, 'learnt_times': 1, 'full_subject_code': 'PDP101'}, 'COM': {'attendance_rate': Decimal('66.66667'), 'average_score': Decimal('10.0'), 'passed': True, 'number_of_credit': 3, 'learnt_times': 1, 'full_subject_code': 'COM107'}, 'COM2': {'attendance_rate': Decimal('100.00000'), 'average_score': Decimal('7.3'), 'passed': True, 'number_of_credit': 3, 'learnt_times': 1, 'full_subject_code': 'COM108'}, 'ITI': {'attendance_rate': Decimal('88.23529'), 'average_score': Decimal('7.4'), 'passed': True, 'number_of_credit': 3, 'learnt_times': 1, 'full_subject_code': 'ITI101'}, 'VIE': {'attendance_rate': Decimal('82.35294'), 'average_score': Decimal('6.5'), 'passed': True, 'number_of_credit': 2, 'learnt_times': 1, 'full_subject_code': 'VIE103'}, 'ENT': {'attendance_rate': Decimal('100.00000'), 'average_score': Decimal('8.3'), 'passed': True, 'number_of_credit': 3, 'learnt_times': 1, 'full_subject_code': 'ENT111'}}","{'WEB': {'attendance_rate': Decimal('88.23529'), 'average_score': Decimal('8.6'), 'passed': True, 'number_of_credit': 3, 'learnt_times': 2, 'full_subject_code': 'WEB101'}, 'MOB': {'attendance_rate': Decimal('94.11765'), 'average_score': Decimal('8.2'), 'passed': True, 'number_of_credit': 3, 'learnt_times': 1, 'full_subject_code': 'MOB101'}, 'COM3': {'attendance_rate': Decimal('94.11765'), 'average_score': Decimal('8.8'), 'passed': True, 'number_of_credit': 3, 'learnt_times': 1, 'full_subject_code': 'COM201'}, 'WEB2': {'attendance_rate': Decimal('88.23529'), 'average_score': Decimal('6.0'), 'passed': False, 'number_of_credit': 3, 'learnt_times': 1, 'full_subject_code': 'WEB104'}, 'VIE2': {'attendance_rate': None, 'average_score': None, 'learnt_times': None, 'passed': False, 'full_subject_code': 'VIE102'}, 'ENT2': {'attendance_rate': Decimal('88.23529'), 'average_score': Decimal('8.2'), 'passed': True, 'number_of_credit': 3, 'learnt_times': 1, 'full_subject_code': 'ENT121'}}","{'COM4': {'attendance_rate': Decimal('88.23529'), 'average_score': Decimal('9.7'), 'passed': True, 'number_of_credit': 3, 'learnt_times': 1, 'full_subject_code': 'COM203'}, 'MOB2': {'attendance_rate': Decimal('88.23529'), 'average_score': Decimal('8.8'), 'passed': True, 'number_of_credit': 3, 'learnt_times': 1, 'full_subject_code': 'MOB102'}, 'SOF': {'attendance_rate': Decimal('94.11765'), 'average_score': Decimal('8.9'), 'passed': True, 'number_of_credit': 3, 'learnt_times': 1, 'full_subject_code': 'SOF203'}, 'PMA': {'attendance_rate': Decimal('100.00000'), 'average_score': Decimal('6.8'), 'passed': True, 'number_of_credit': 3, 'learnt_times': 1, 'full_subject_code': 'PMA101'}, 'VIE3': {'attendance_rate': Decimal('37.50000'), 'average_score': Decimal('9.2'), 'passed': True, 'number_of_credit': 4, 'learnt_times': 1, 'full_subject_code': 'VIE101'}, 'ENT3': {'attendance_rate': Decimal('94.11765'), 'average_score': Decimal('7.7'), 'passed': True, 'number_of_credit': 3, 'learnt_times': 1, 'full_subject_code': 'ENT211'}}",HDI,1,89.32039,8.035294117647058823529411765,90.19608,7.96,84.15842,8.552631578947368421052631579
PH48134,"{'PDP': {'attendance_rate': Decimal('100.00000'), 'average_score': Decimal('8.1'), 'passed': True, 'number_of_credit': 3, 'learnt_times': 1, 'full_subject_code': 'PDP101'}, 'COM': {'attendance_rate': Decimal('61.11111'), 'average_score': Decimal('9.0'), 'passed': True, 'number_of_credit': 3, 'learnt_times': 1, 'full_subject_code': 'COM107'}, 'COM2': {'attendance_rate': Decimal('100.00000'), 'average_score': Decimal('7.2'), 'passed': True, 'number_of_credit': 3, 'learnt_times': 1, 'full_subject_code': 'COM108'}, 'ITI': {'attendance_rate': Decimal('100.00000'), 'average_score': Decimal('7.7'), 'passed': True, 'number_of_credit': 3, 'learnt_times': 1, 'full_subject_code': 'ITI101'}, 'VIE': {'attendance_rate': Decimal('100.00000'), 'average_score': Decimal('9.0'), 'passed': True, 'number_of_credit': 2, 'learnt_times': 1, 'full_subject_code': 'VIE103'}, 'ENT': {'attendance_rate': Decimal('100.00000'), 'average_score': Decimal('8.1'), 'passed': True, 'number_of_credit': 3, 'learnt_times': 1, 'full_subject_code': 'ENT111'}}","{'WEB': {'attendance_rate': Decimal('100.00000'), 'average_score': Decimal('7.1'), 'passed': True, 'number_of_credit': 3, 'learnt_times': 1, 'full_subject_code': 'WEB101'}, 'MOB': {'attendance_rate': Decimal('100.00000'), 'average_score': Decimal('6.8'), 'passed': True, 'number_of_credit': 3, 'learnt_times': 1, 'full_subject_code': 'MOB101'}, 'COM3': {'attendance_rate': Decimal('100.00000'), 'average_score': Decimal('7.1'), 'passed': True, 'number_of_credit': 3, 'learnt_times': 1, 'full_subject_code': 'COM201'}, 'WEB2': {'attendance_rate': Decimal('88.23529'), 'average_score': Decimal('6.6'), 'passed': True, 'number_of_credit': 3, 'learnt_times': 1, 'full_subject_code': 'WEB104'}, 'VIE2': {'attendance_rate': None, 'average_score': None, 'learnt_times': None, 'passed': False, 'full_subject_code': 'VIE102'}, 'ENT2': {'attendance_rate': Decimal('88.23529'), 'average_score': Decimal('6.9'), 'passed': True, 'number_of_credit': 3, 'learnt_times': 1, 'full_subject_code': 'ENT121'}}","{'WEB3': {'attendance_rate': Decimal('88.23529'), 'average_score': Decimal('7.8'), 'passed': True, 'number_of_credit': 3, 'learnt_times': 1, 'full_subject_code': 'WEB105'}, 'WEB4': {'attendance_rate': Decimal('31.25000'), 'average_score': Decimal('2.0'), 'passed': False, 'number_of_credit': 3, 'learnt_times': 1, 'full_subject_code': 'WEB302'}, 'WEB5': {'attendance_rate': Decimal('94.11765'), 'average_score': Decimal('7.5'), 'passed': True, 'number_of_credit': 3, 'learnt_times': 1, 'full_subject_code': 'WEB201'}, 'WEB6': {'attendance_rate': Decimal('100.00000'), 'average_score': Decimal('8.5'), 'passed': True, 'number_of_credit': 3, 'learnt_times': 1, 'full_subject_code': 'WEB205'}, 'VIE3': {'attendance_rate': Decimal('37.50000'), 'average_score': Decimal('9.8'), 'passed': True, 'number_of_credit': 4, 'learnt_times': 1, 'full_subject_code': 'VIE101'}, 'ENT3': {'attendance_rate': Decimal('82.35294'), 'average_score': Decimal('7.1'), 'passed': True, 'number_of_credit': 3, 'learnt_times': 1, 'full_subject_code': 'ENT211'}}",HDI,1,93.20388,8.135294117647058823529411765,95.29412,6.9,73.00000,7.257894736842105263157894737
PH48118,"{'PDP': {'attendance_rate': Decimal('82.35294'), 'average_score': Decimal('7.0'), 'passed': True, 'number_of_credit': 3, 'learnt_times': 1, 'full_subject_code': 'PDP101'}, 'COM': {'attendance_rate': Decimal('55.55556'), 'average_score': Decimal('8.1'), 'passed': True, 'number_of_credit': 3, 'learnt_times': 1, 'full_subject_code': 'COM107'}, 'COM2': {'attendance_rate': Decimal('70.58824'), 'average_score': Decimal('7.3'), 'passed': True, 'number_of_credit': 3, 'learnt_times': 2, 'full_subject_code': 'COM108'}, 'ITI': {'attendance_rate': Decimal('41.17647'), 'average_score': Decimal('0.0'), 'passed': False, 'number_of_credit': 3, 'learnt_times': 1, 'full_subject_code': 'ITI101'}, 'VIE': {'attendance_rate': Decimal('0.00000'), 'average_score': Decimal('0.0'), 'passed': False, 'number_of_credit': 2, 'learnt_times': 1, 'full_subject_code': 'VIE103'}, 'ENT': {'attendance_rate': Decimal('88.23529'), 'average_score': Decimal('8.1'), 'passed': True, 'number_of_credit': 3, 'learnt_times': 1, 'full_subject_code': 'ENT111'}}","{'WEB': {'attendance_rate': Decimal('100.00000'), 'average_score': Decimal('7.4'), 'passed': True, 'number_of_credit': 3, 'learnt_times': 1, 'full_subject_code': 'WEB101'}, 'MOB': {'attendance_rate': Decimal('100.00000'), 'average_score': Decimal('7.1'), 'passed': True, 'number_of_credit': 3, 'learnt_times': 1, 'full_subject_code': 'MOB101'}, 'COM3': {'attendance_rate': Decimal('88.23529'), 'average_score': Decimal('8.4'), 'passed': True, 'number_of_credit': 3, 'learnt_times': 1, 'full_subject_code': 'COM201'}, 'WEB2': {'attendance_rate': Decimal('82.35294'), 'average_score': Decimal('8.0'), 'passed': True, 'number_of_credit': 3, 'learnt_times': 1, 'full_subject_code': 'WEB104'}, 'VIE2': {'attendance_rate': None, 'average_score': None, 'learnt_times': None, 'passed': False, 'full_subject_code': 'VIE102'}, 'ENT2': {'attendance_rate': Decimal('100.00000'), 'average_score': Decimal('7.3'), 'passed': True, 'number_of_credit': 3, 'learnt_times': 1, 'full_subject_code': 'ENT121'}}","{'WEB3': {'attendance_rate': Decimal('82.35294'), 'average_score': Decimal('6.7'), 'passed': True, 'number_of_credit': 3, 'learnt_times': 1, 'full_subject_code': 'WEB105'}, 'WEB4': {'attendance_rate': Decimal('31.25000'), 'average_score': Decimal('6.0'), 'passed': True, 'number_of_credit': 3, 'learnt_times': 1, 'full_subject_code': 'WEB302'}, 'WEB5': {'attendance_rate': Decimal('82.35294'), 'average_score': Decimal('6.8'), 'passed': True, 'number_of_credit': 3, 'learnt_times': 1, 'full_subject_code': 'WEB201'}, 'WEB6': {'attendance_rate': Decimal('94.11765'), 'average_score': Decimal('7.0'), 'passed': True, 'number_of_credit': 3, 'learnt_times': 1, 'full_subject_code': 'WEB205'}, 'VIE3': {'attendance_rate': None, 'average_score': None, 'learnt_times': None, 'passed': False, 'full_subject_code': 'VIE101'}, 'ENT3': {'attendance_rate': Decimal('82.35294'), 'average_score': Decimal('7.0'), 'passed': True, 'number_of_credit': 3, 'learnt_times': 2, 'full_subject_code': 'ENT211'}}",HDI,1,58.33333,5.382352941176470588235294118,94.11765,7.64,76.23762,6.7
PH48107,"{'PDP': {'attendance_rate': Decimal('88.23529'), 'average_score': Decimal('8.1'), 'passed': True, 'number_of_credit': 3, 'learnt_times': 1, 'full_subject_code': 'PDP101'}, 'COM': {'attendance_rate': Decimal('66.66667'), 'average_score': Decimal('10.0'), 'passed': True, 'number_of_credit': 3, 'learnt_times': 1, 'full_subject_code': 'COM107'}, 'COM2': {'attendance_rate': Decimal('82.35294'), 'average_score': Decimal('8.9'), 'passed': True, 'number_of_credit': 3, 'learnt_times': 1, 'full_subject_code': 'COM108'}, 'ITI': {'attendance_rate': Decimal('82.35294'), 'average_score': Decimal('8.0'), 'passed': True, 'number_of_credit': 3, 'learnt_times': 1, 'full_subject_code': 'ITI101'}, 'VIE': {'attendance_rate': Decimal('82.35294'), 'average_score': Decimal('6.8'), 'passed': True, 'number_of_credit': 2, 'learnt_times': 1, 'full_subject_code': 'VIE103'}, 'ENT': {'attendance_rate': Decimal('88.23529'), 'average_score': Decimal('7.1'), 'passed': True, 'number_of_credit': 3, 'learnt_times': 1, 'full_subject_code': 'ENT111'}}","{'WEB': {'attendance_rate': Decimal('88.23529'), 'average_score': Decimal('8.0'), 'passed': True, 'number_of_credit': 3, 'learnt_times': 1, 'full_subject_code': 'WEB101'}, 'MOB': {'attendance_rate': Decimal('82.35294'), 'average_score': Decimal('7.0'), 'passed': True, 'number_of_credit': 3, 'learnt_times': 1, 'full_subject_code': 'MOB101'}, 'COM3': {'attendance_rate': Decimal('64.70588'), 'average_score': Decimal('1.1'), 'passed': False, 'number_of_credit': 3, 'learnt_times': 1, 'full_subject_code': 'COM201'}, 'WEB2': {'attendance_rate': Decimal('70.58824'), 'average_score': Decimal('1.6'), 'passed': False, 'number_of_credit': 3, 'learnt_times': 1, 'full_subject_code': 'WEB104'}, 'VIE2': {'attendance_rate': None, 'average_score': None, 'learnt_times': None, 'passed': False, 'full_subject_code': 'VIE102'}, 'ENT2': {'attendance_rate': None, 'average_score': None, 'learnt_times': None, 'passed': True, 'full_subject_code': 'ENT121'}}","{'COM4': {'attendance_rate': Decimal('88.23529'), 'average_score': Decimal('5.9'), 'passed': True, 'number_of_credit': 3, 'learnt_times': 1, 'full_subject_code': 'COM203'}, 'MOB2': {'attendance_rate': Decimal('82.35294'), 'average_score': Decimal('8.3'), 'passed': True, 'number_of_credit': 3, 'learnt_times': 1, 'full_subject_code': 'MOB102'}, 'SOF': {'attendance_rate': Decimal('82.35294'), 'average_score': Decimal('8.0'), 'passed': True, 'number_of_credit': 3, 'learnt_times': 1, 'full_subject_code': 'SOF203'}, 'PMA': {'attendance_rate': Decimal('100.00000'), 'average_score': Decimal('7.3'), 'passed': True, 'number_of_credit': 3, 'learnt_times': 1, 'full_subject_code': 'PMA101'}, 'VIE3': {'attendance_rate': Decimal('37.50000'), 'average_score': Decimal('9.0'), 'passed': True, 'number_of_credit': 4, 'learnt_times': 1, 'full_subject_code': 'VIE101'}, 'ENT3': {'attendance_rate': None, 'average_score': None, 'learnt_times': None, 'passed': True, 'full_subject_code': 'ENT211'}}",HDI,1,81.55340,8.229411764705882352941176471,76.47059,4.425,78.57143,7.78125
PH48104,"{'PDP': {'attendance_rate': Decimal('100.00000'), 'average_score': Decimal('8.6'), 'passed': True, 'number_of_credit': 3, 'learnt_times': 1, 'full_subject_code': 'PDP101'}, 'COM': {'attendance_rate': Decimal('66.66667'), 'average_score': Decimal('10.0'), 'passed': True, 'number_of_credit': 3, 'learnt_times': 1, 'full_subject_code': 'COM107'}, 'COM2': {'attendance_rate': Decimal('100.00000'), 'average_score': Decimal('9.3'), 'passed': True, 'number_of_credit': 3, 'learnt_times': 1, 'full_subject_code': 'COM108'}, 'ITI': {'attendance_rate': Decimal('100.00000'), 'average_score': Decimal('8.4'), 'passed': True, 'number_of_credit': 3, 'learnt_times': 1, 'full_subject_code': 'ITI101'}, 'VIE': {'attendance_rate': Decimal('100.00000'), 'average_score': Decimal('8.0'), 'passed': True, 'number_of_credit': 2, 'learnt_times': 1, 'full_subject_code': 'VIE103'}, 'ENT': {'attendance_rate': Decimal('94.11765'), 'average_score': Decimal('8.3'), 'passed': True, 'number_of_credit': 3, 'learnt_times': 1, 'full_subject_code': 'ENT111'}}","{'WEB': {'attendance_rate': Decimal('100.00000'), 'average_score': Decimal('9.3'), 'passed': True, 'number_of_credit': 3, 'learnt_times': 1, 'full_subject_code': 'WEB101'}, 'MOB': {'attendance_rate': Decimal('94.11765'), 'average_score': Decimal('8.4'), 'passed': True, 'number_of_credit': 3, 'learnt_times': 1, 'full_subject_code': 'MOB101'}, 'COM3': {'attendance_rate': Decimal('100.00000'), 'average_score': Decimal('9.1'), 'passed': True, 'number_of_credit': 3, 'learnt_times': 1, 'full_subject_code': 'COM201'}, 'WEB2': {'attendance_rate': Decimal('94.11765'), 'average_score': Decimal('8.3'), 'passed': True, 'number_of_credit': 3, 'learnt_times': 1, 'full_subject_code': 'WEB104'}, 'VIE2': {'attendance_rate': None, 'average_score': None, 'learnt_times': None, 'passed': False, 'full_subject_code': 'VIE102'}, 'ENT2': {'attendance_rate': Decimal('100.00000'), 'average_score': Decimal('8.7'), 'passed': True, 'number_of_credit': 3, 'learnt_times': 1, 'full_subject_code': 'ENT121'}}","{'COM4': {'attendance_rate': Decimal('100.00000'), 'average_score': Decimal('9.9'), 'passed': True, 'number_of_credit': 3, 'learnt_times': 1, 'full_subject_code': 'COM203'}, 'MOB2': {'attendance_rate': Decimal('94.11765'), 'average_score': Decimal('7.8'), 'passed': True, 'number_of_credit': 3, 'learnt_times': 1, 'full_subject_code': 'MOB102'}, 'SOF': {'attendance_rate': Decimal('100.00000'), 'average_score': Decimal('9.0'), 'passed': True, 'number_of_credit': 3, 'learnt_times': 1, 'full_subject_code': 'SOF203'}, 'PMA': {'attendance_rate': Decimal('100.00000'), 'average_score': Decimal('8.2'), 'passed': True, 'number_of_credit': 3, 'learnt_times': 1, 'full_subject_code': 'PMA101'}, 'VIE3': {'attendance_rate': Decimal('37.50000'), 'average_score': Decimal('9.8'), 'passed': True, 'number_of_credit': 4, 'learnt_times': 1, 'full_subject_code': 'VIE101'}, 'ENT3': {'attendance_rate': Decimal('94.11765'), 'average_score': Decimal('7.9'), 'passed': True, 'number_of_credit': 3, 'learnt_times': 1, 'full_subject_code': 'ENT211'}}",HDI,1,93.20388,8.811764705882352941176470588,97.64706,8.76,88.11881,8.821052631578947368421052632
PH48099,"{'PDP': {'attendance_rate': Decimal('100.00000'), 'average_score': Decimal('9.2'), 'passed': True, 'number_of_credit': 3, 'learnt_times': 1, 'full_subject_code': 'PDP101'}, 'COM': {'attendance_rate': Decimal('66.66667'), 'average_score': Decimal('10.0'), 'passed': True, 'number_of_credit': 3, 'learnt_times': 1, 'full_subject_code': 'COM107'}, 'COM2': {'attendance_rate': Decimal('100.00000'), 'average_score': Decimal('9.3'), 'passed': True, 'number_of_credit': 3, 'learnt_times': 1, 'full_subject_code': 'COM108'}, 'ITI': {'attendance_rate': Decimal('100.00000'), 'average_score': Decimal('9.7'), 'passed': True, 'number_of_credit': 3, 'learnt_times': 1, 'full_subject_code': 'ITI101'}, 'VIE': {'attendance_rate': Decimal('100.00000'), 'average_score': Decimal('7.3'), 'passed': True, 'number_of_credit': 2, 'learnt_times': 1, 'full_subject_code': 'VIE103'}, 'ENT': {'attendance_rate': None, 'average_score': None, 'learnt_times': None, 'passed': True, 'number_of_credit': None, 'full_subject_code': 'ENT111'}}","{'WEB': {'attendance_rate': Decimal('100.00000'), 'average_score': Decimal('9.4'), 'passed': True, 'number_of_credit': 3, 'learnt_times': 1, 'full_subject_code': 'WEB101'}, 'MOB': {'attendance_rate': Decimal('100.00000'), 'average_score': Decimal('9.5'), 'passed': True, 'number_of_credit': 3, 'learnt_times': 1, 'full_subject_code': 'MOB101'}, 'COM3': {'attendance_rate': Decimal('100.00000'), 'average_score': Decimal('9.3'), 'passed': True, 'number_of_credit': 3, 'learnt_times': 1, 'full_subject_code': 'COM201'}, 'WEB2': {'attendance_rate': Decimal('100.00000'), 'average_score': Decimal('8.5'), 'passed': True, 'number_of_credit': 3, 'learnt_times': 1, 'full_subject_code': 'WEB104'}, 'VIE2': {'attendance_rate': Decimal('40.00000'), 'average_score': Decimal('8.7'), 'passed': True, 'number_of_credit': 2, 'learnt_times': 1, 'full_subject_code': 'VIE102'}, 'ENT2': {'attendance_rate': None, 'average_score': None, 'learnt_times': None, 'passed': True, 'full_subject_code': 'ENT121'}}","{'WEB3': {'attendance_rate': Decimal('100.00000'), 'average_score': Decimal('9.3'), 'passed': True, 'number_of_credit': 3, 'learnt_times': 1, 'full_subject_code': 'WEB105'}, 'WEB4': {'attendance_rate': Decimal('37.50000'), 'average_score': Decimal('8.0'), 'passed': True, 'number_of_credit': 3, 'learnt_times': 1, 'full_subject_code': 'WEB302'}, 'WEB5': {'attendance_rate': Decimal('100.00000'), 'average_score': Decimal('9.5'), 'passed': True, 'number_of_credit': 3, 'learnt_times': 1, 'full_subject_code': 'WEB201'}, 'WEB6': {'attendance_rate': Decimal('100.00000'), 'average_score': Decimal('9.1'), 'passed': True, 'number_of_credit': 3, 'learnt_times': 1, 'full_subject_code': 'WEB205'}, 'VIE3': {'attendance_rate': Decimal('37.50000'), 'average_score': Decimal('10.0'), 'passed': True, 'number_of_credit': 4, 'learnt_times': 1, 'full_subject_code': 'VIE101'}, 'ENT3': {'attendance_rate': None, 'average_score': None, 'learnt_times': None, 'passed': True, 'full_subject_code': 'ENT211'}}",HDI,1,93.02326,9.228571428571428571428571429,92.30769,9.107142857142857142857142857,75.90361,9.23125
PH48097,"{'PDP': {'attendance_rate': Decimal('94.11765'), 'average_score': Decimal('7.6'), 'passed': True, 'number_of_credit': 3, 'learnt_times': 1, 'full_subject_code': 'PDP101'}, 'COM': {'attendance_rate': Decimal('66.66667'), 'average_score': Decimal('8.5'), 'passed': True, 'number_of_credit': 3, 'learnt_times': 1, 'full_subject_code': 'COM107'}, 'COM2': {'attendance_rate': Decimal('88.23529'), 'average_score': Decimal('9.0'), 'passed': True, 'number_of_credit': 3, 'learnt_times': 1, 'full_subject_code': 'COM108'}, 'ITI': {'attendance_rate': Decimal('88.23529'), 'average_score': Decimal('8.4'), 'passed': True, 'number_of_credit': 3, 'learnt_times': 1, 'full_subject_code': 'ITI101'}, 'VIE': {'attendance_rate': Decimal('82.35294'), 'average_score': Decimal('6.8'), 'passed': True, 'number_of_credit': 2, 'learnt_times': 1, 'full_subject_code': 'VIE103'}, 'ENT': {'attendance_rate': Decimal('100.00000'), 'average_score': Decimal('5.3'), 'passed': False, 'number_of_credit': 3, 'learnt_times': 1, 'full_subject_code': 'ENT111'}}","{'WEB': {'attendance_rate': Decimal('88.23529'), 'average_score': Decimal('7.7'), 'passed': True, 'number_of_credit': 3, 'learnt_times': 1, 'full_subject_code': 'WEB101'}, 'MOB': {'attendance_rate': Decimal('88.23529'), 'average_score': Decimal('7.3'), 'passed': True, 'number_of_credit': 3, 'learnt_times': 1, 'full_subject_code': 'MOB101'}, 'COM3': {'attendance_rate': Decimal('88.23529'), 'average_score': Decimal('5.9'), 'passed': True, 'number_of_credit': 3, 'learnt_times': 1, 'full_subject_code': 'COM201'}, 'WEB2': {'attendance_rate': Decimal('82.35294'), 'average_score': Decimal('4.0'), 'passed': False, 'number_of_credit': 3, 'learnt_times': 1, 'full_subject_code': 'WEB104'}, 'VIE2': {'attendance_rate': None, 'average_score': None, 'learnt_times': None, 'passed': False, 'full_subject_code': 'VIE102'}, 'ENT2': {'attendance_rate': None, 'average_score': None, 'learnt_times': None, 'passed': False, 'full_subject_code': 'ENT121'}}","{'COM4': {'attendance_rate': Decimal('88.23529'), 'average_score': Decimal('3.1'), 'passed': False, 'number_of_credit': 3, 'learnt_times': 1, 'full_subject_code': 'COM203'}, 'MOB2': {'attendance_rate': Decimal('11.76471'), 'average_score': Decimal('0.0'), 'passed': False, 'number_of_credit': 3, 'learnt_times': 1, 'full_subject_code': 'MOB102'}, 'SOF': {'attendance_rate': Decimal('41.17647'), 'average_score': Decimal('0.0'), 'passed': False, 'number_of_credit': 3, 'learnt_times': 1, 'full_subject_code': 'SOF203'}, 'PMA': {'attendance_rate': Decimal('11.76471'), 'average_score': Decimal('0.0'), 'passed': False, 'number_of_credit': 3, 'learnt_times': 1, 'full_subject_code': 'PMA101'}, 'VIE3': {'attendance_rate': Decimal('37.50000'), 'average_score': Decimal('9.0'), 'passed': True, 'number_of_credit': 4, 'learnt_times': 1, 'full_subject_code': 'VIE101'}, 'ENT3': {'attendance_rate': None, 'average_score': None, 'learnt_times': None, 'passed': False, 'full_subject_code': 'ENT211'}}",HDI,1,86.40777,7.647058823529411764705882353,86.76471,6.225,38.09524,2.83125
PH48088,"{'PDP': {'attendance_rate': Decimal('100.00000'), 'average_score': Decimal('7.6'), 'passed': True, 'number_of_credit': 3, 'learnt_times': 1, 'full_subject_code': 'PDP101'}, 'COM': {'attendance_rate': Decimal('61.11111'), 'average_score': Decimal('7.5'), 'passed': True, 'number_of_credit': 3, 'learnt_times': 1, 'full_subject_code': 'COM107'}, 'COM2': {'attendance_rate': Decimal('94.11765'), 'average_score': Decimal('5.6'), 'passed': False, 'number_of_credit': 3, 'learnt_times': 1, 'full_subject_code': 'COM108'}, 'ITI': {'attendance_rate': Decimal('82.35294'), 'average_score': Decimal('1.8'), 'passed': False, 'number_of_credit': 3, 'learnt_times': 1, 'full_subject_code': 'ITI101'}, 'VIE': {'attendance_rate': Decimal('82.35294'), 'average_score': Decimal('7.3'), 'passed': True, 'number_of_credit': 2, 'learnt_times': 1, 'full_subject_code': 'VIE103'}, 'ENT': {'attendance_rate': Decimal('88.23529'), 'average_score': Decimal('8.2'), 'passed': True, 'number_of_credit': 3, 'learnt_times': 1, 'full_subject_code': 'ENT111'}}","{'WEB': {'attendance_rate': Decimal('100.00000'), 'average_score': Decimal('6.6'), 'passed': True, 'number_of_credit': 3, 'learnt_times': 1, 'full_subject_code': 'WEB101'}, 'MOB': {'attendance_rate': Decimal('94.11765'), 'average_score': Decimal('6.6'), 'passed': True, 'number_of_credit': 3, 'learnt_times': 1, 'full_subject_code': 'MOB101'}, 'COM3': {'attendance_rate': Decimal('82.35294'), 'average_score': Decimal('6.6'), 'passed': True, 'number_of_credit': 3, 'learnt_times': 1, 'full_subject_code': 'COM201'}, 'WEB2': {'attendance_rate': Decimal('88.23529'), 'average_score': Decimal('7.1'), 'passed': True, 'number_of_credit': 3, 'learnt_times': 1, 'full_subject_code': 'WEB104'}, 'VIE2': {'attendance_rate': Decimal('40.00000'), 'average_score': Decimal('7.7'), 'passed': True, 'number_of_credit': 2, 'learnt_times': 1, 'full_subject_code': 'VIE102'}, 'ENT2': {'attendance_rate': Decimal('91.17647'), 'average_score': Decimal('8.0'), 'passed': True, 'number_of_credit': 3, 'learnt_times': 2, 'full_subject_code': 'ENT121'}}","{'WEB3': {'attendance_rate': Decimal('88.23529'), 'average_score': Decimal('7.6'), 'passed': True, 'number_of_credit': 3, 'learnt_times': 1, 'full_subject_code': 'WEB105'}, 'WEB4': {'attendance_rate': Decimal('37.50000'), 'average_score': Decimal('3.0'), 'passed': False, 'number_of_credit': 3, 'learnt_times': 1, 'full_subject_code': 'WEB302'}, 'WEB5': {'attendance_rate': Decimal('94.11765'), 'average_score': Decimal('6.1'), 'passed': True, 'number_of_credit': 3, 'learnt_times': 1, 'full_subject_code': 'WEB201'}, 'WEB6': {'attendance_rate': Decimal('100.00000'), 'average_score': Decimal('8.1'), 'passed': True, 'number_of_credit': 3, 'learnt_times': 1, 'full_subject_code': 'WEB205'}, 'VIE3': {'attendance_rate': Decimal('37.50000'), 'average_score': Decimal('8.8'), 'passed': True, 'number_of_credit': 4, 'learnt_times': 1, 'full_subject_code': 'VIE101'}, 'ENT3': {'attendance_rate': None, 'average_score': None, 'learnt_times': None, 'passed': False, 'full_subject_code': 'ENT211'}}",HDI,1,84.46602,6.276470588235294117647058824,86.60714,7.064705882352941176470588235,72.28916,6.85
PH48085,"{'PDP': {'attendance_rate': Decimal('94.11765'), 'average_score': Decimal('8.1'), 'passed': True, 'number_of_credit': 3, 'learnt_times': 1, 'full_subject_code': 'PDP101'}, 'COM': {'attendance_rate': Decimal('61.11111'), 'average_score': Decimal('10.0'), 'passed': True, 'number_of_credit': 3, 'learnt_times': 1, 'full_subject_code': 'COM107'}, 'COM2': {'attendance_rate': Decimal('94.11765'), 'average_score': Decimal('8.8'), 'passed': True, 'number_of_credit': 3, 'learnt_times': 1, 'full_subject_code': 'COM108'}, 'ITI': {'attendance_rate': Decimal('100.00000'), 'average_score': Decimal('7.2'), 'passed': True, 'number_of_credit': 3, 'learnt_times': 1, 'full_subject_code': 'ITI101'}, 'VIE': {'attendance_rate': Decimal('0.00000'), 'average_score': Decimal('0.0'), 'passed': False, 'number_of_credit': 2, 'learnt_times': 1, 'full_subject_code': 'VIE103'}, 'ENT': {'attendance_rate': Decimal('88.23529'), 'average_score': Decimal('8.8'), 'passed': True, 'number_of_credit': 3, 'learnt_times': 1, 'full_subject_code': 'ENT111'}}","{'WEB': {'attendance_rate': Decimal('94.11765'), 'average_score': Decimal('7.6'), 'passed': True, 'number_of_credit': 3, 'learnt_times': 1, 'full_subject_code': 'WEB101'}, 'NET': {'attendance_rate': Decimal('94.11765'), 'average_score': Decimal('7.8'), 'passed': True, 'number_of_credit': 3, 'learnt_times': 2, 'full_subject_code': 'NET101'}, 'COM3': {'attendance_rate': Decimal('94.11765'), 'average_score': Decimal('8.8'), 'passed': True, 'number_of_credit': 3, 'learnt_times': 1, 'full_subject_code': 'COM201'}, 'WEB2': {'attendance_rate': Decimal('100.00000'), 'average_score': Decimal('6.4'), 'passed': True, 'number_of_credit': 3, 'learnt_times': 1, 'full_subject_code': 'WEB104'}, 'VIE2': {'attendance_rate': Decimal('40.00000'), 'average_score': Decimal('9.0'), 'passed': True, 'number_of_credit': 2, 'learnt_times': 1, 'full_subject_code': 'VIE102'}, 'ENT2': {'attendance_rate': Decimal('88.23529'), 'average_score': Decimal('7.9'), 'passed': True, 'number_of_credit': 3, 'learnt_times': 1, 'full_subject_code': 'ENT121'}}","{'COM4': {'attendance_rate': Decimal('88.23529'), 'average_score': Decimal('5.7'), 'passed': True, 'number_of_credit': 3, 'learnt_times': 1, 'full_subject_code': 'COM203'}, 'NET2': {'attendance_rate': Decimal('82.35294'), 'average_score': Decimal('8.3'), 'passed': True, 'number_of_credit': 3, 'learnt_times': 1, 'full_subject_code': 'NET102'}, 'NET3': {'attendance_rate': Decimal('94.11765'), 'average_score': Decimal('5.4'), 'passed': False, 'number_of_credit': 3, 'learnt_times': 1, 'full_subject_code': 'NET103'}, 'PMA': {'attendance_rate': Decimal('100.00000'), 'average_score': Decimal('7.9'), 'passed': True, 'number_of_credit': 3, 'learnt_times': 1, 'full_subject_code': 'PMA101'}, 'VIE3': {'attendance_rate': Decimal('37.50000'), 'average_score': Decimal('9.5'), 'passed': True, 'number_of_credit': 4, 'learnt_times': 1, 'full_subject_code': 'VIE101'}, 'ENT3': {'attendance_rate': None, 'average_score': None, 'learnt_times': None, 'passed': True, 'full_subject_code': 'ENT211'}}",HDI,1,72.81553,7.570588235294117647058823529,89.28571,7.852941176470588235294117647,80.95238,7.49375
PH48084,"{'PDP': {'attendance_rate': Decimal('100.00000'), 'average_score': Decimal('7.6'), 'passed': True, 'number_of_credit': 3, 'learnt_times': 1, 'full_subject_code': 'PDP101'}, 'COM': {'attendance_rate': Decimal('55.55556'), 'average_score': Decimal('10.0'), 'passed': True, 'number_of_credit': 3, 'learnt_times': 1, 'full_subject_code': 'COM107'}, 'COM2': {'attendance_rate': Decimal('82.35294'), 'average_score': Decimal('7.8'), 'passed': True, 'number_of_credit': 3, 'learnt_times': 1, 'full_subject_code': 'COM108'}, 'ITI': {'attendance_rate': Decimal('94.11765'), 'average_score': Decimal('8.7'), 'passed': True, 'number_of_credit': 3, 'learnt_times': 1, 'full_subject_code': 'ITI101'}, 'VIE': {'attendance_rate': Decimal('82.35294'), 'average_score': Decimal('6.2'), 'passed': True, 'number_of_credit': 2, 'learnt_times': 1, 'full_subject_code': 'VIE103'}, 'ENT': {'attendance_rate': Decimal('94.11765'), 'average_score': Decimal('8.9'), 'passed': True, 'number_of_credit': 3, 'learnt_times': 1, 'full_subject_code': 'ENT111'}}","{'MUL': {'attendance_rate': Decimal('82.35294'), 'average_score': Decimal('6.5'), 'passed': True, 'number_of_credit': 3, 'learnt_times': 1, 'full_subject_code': 'MUL101'}, 'SOA': {'attendance_rate': Decimal('11.76471'), 'average_score': Decimal('0.6'), 'passed': False, 'number_of_credit': 3, 'learnt_times': 1, 'full_subject_code': 'SOA101'}, 'MUL2': {'attendance_rate': Decimal('23.52941'), 'average_score': Decimal('0.0'), 'passed': False, 'number_of_credit': 3, 'learnt_times': 1, 'full_subject_code': 'MUL102'}, 'WEB': {'attendance_rate': Decimal('82.35294'), 'average_score': Decimal('6.0'), 'passed': True, 'number_of_credit': 3, 'learnt_times': 1, 'full_subject_code': 'WEB107'}, 'VIE2': {'attendance_rate': None, 'average_score': None, 'learnt_times': None, 'passed': False, 'full_subject_code': 'VIE102'}, 'ENT2': {'attendance_rate': Decimal('82.35294'), 'average_score': Decimal('7.3'), 'passed': True, 'number_of_credit': 3, 'learnt_times': 1, 'full_subject_code': 'ENT121'}}","{'WEB2': {'attendance_rate': Decimal('88.23529'), 'average_score': Decimal('8.6'), 'passed': True, 'number_of_credit': 3, 'learnt_times': 1, 'full_subject_code': 'WEB205'}, 'SOA2': {'attendance_rate': Decimal('88.23529'), 'average_score': Decimal('8.4'), 'passed': True, 'number_of_credit': 3, 'learnt_times': 1, 'full_subject_code': 'SOA201'}, 'SOA3': {'attendance_rate': Decimal('94.11765'), 'average_score': Decimal('6.7'), 'passed': True, 'number_of_credit': 3, 'learnt_times': 1, 'full_subject_code': 'SOA102'}, 'SOA4': {'attendance_rate': Decimal('17.64706'), 'average_score': Decimal('0.2'), 'passed': False, 'number_of_credit': 3, 'learnt_times': 1, 'full_subject_code': 'SOA202'}, 'VIE3': {'attendance_rate': Decimal('37.50000'), 'average_score': Decimal('1.0'), 'passed': False, 'number_of_credit': 4, 'learnt_times': 1, 'full_subject_code': 'VIE101'}, 'ENT3': {'attendance_rate': Decimal('94.11765'), 'average_score': Decimal('6.7'), 'passed': True, 'number_of_credit': 3, 'learnt_times': 1, 'full_subject_code': 'ENT211'}}",HDI,1,84.46602,8.317647058823529411764705882,56.47059,4.08,70.29703,5.042105263157894736842105263
PH48079,"{'PDP': {'attendance_rate': Decimal('100.00000'), 'average_score': Decimal('8.2'), 'passed': True, 'number_of_credit': 3, 'learnt_times': 1, 'full_subject_code': 'PDP101'}, 'COM': {'attendance_rate': Decimal('66.66667'), 'average_score': Decimal('9.0'), 'passed': True, 'number_of_credit': 3, 'learnt_times': 1, 'full_subject_code': 'COM107'}, 'COM2': {'attendance_rate': Decimal('94.11765'), 'average_score': Decimal('9.5'), 'passed': True, 'number_of_credit': 3, 'learnt_times': 1, 'full_subject_code': 'COM108'}, 'ITI': {'attendance_rate': Decimal('94.11765'), 'average_score': Decimal('9.1'), 'passed': True, 'number_of_credit': 3, 'learnt_times': 1, 'full_subject_code': 'ITI101'}, 'VIE': {'attendance_rate': Decimal('82.35294'), 'average_score': Decimal('7.8'), 'passed': True, 'number_of_credit': 2, 'learnt_times': 1, 'full_subject_code': 'VIE103'}, 'ENT': {'attendance_rate': Decimal('100.00000'), 'average_score': Decimal('8.3'), 'passed': True, 'number_of_credit': 3, 'learnt_times': 1, 'full_subject_code': 'ENT111'}}","{'WEB': {'attendance_rate': Decimal('94.11765'), 'average_score': Decimal('8.1'), 'passed': True, 'number_of_credit': 3, 'learnt_times': 1, 'full_subject_code': 'WEB101'}, 'MOB': {'attendance_rate': Decimal('88.23529'), 'average_score': Decimal('7.3'), 'passed': True, 'number_of_credit': 3, 'learnt_times': 1, 'full_subject_code': 'MOB101'}, 'COM3': {'attendance_rate': Decimal('88.23529'), 'average_score': Decimal('7.1'), 'passed': True, 'number_of_credit': 3, 'learnt_times': 1, 'full_subject_code': 'COM201'}, 'WEB2': {'attendance_rate': Decimal('88.23529'), 'average_score': Decimal('8.1'), 'passed': True, 'number_of_credit': 3, 'learnt_times': 1, 'full_subject_code': 'WEB104'}, 'VIE2': {'attendance_rate': None, 'average_score': None, 'learnt_times': None, 'passed': False, 'full_subject_code': 'VIE102'}, 'ENT2': {'attendance_rate': Decimal('88.23529'), 'average_score': Decimal('8.1'), 'passed': True, 'number_of_credit': 3, 'learnt_times': 1, 'full_subject_code': 'ENT121'}}","{'COM4': {'attendance_rate': Decimal('94.11765'), 'average_score': Decimal('8.1'), 'passed': True, 'number_of_credit': 3, 'learnt_times': 1, 'full_subject_code': 'COM203'}, 'MOB2': {'attendance_rate': Decimal('94.11765'), 'average_score': Decimal('7.6'), 'passed': True, 'number_of_credit': 3, 'learnt_times': 1, 'full_subject_code': 'MOB102'}, 'SOF': {'attendance_rate': Decimal('100.00000'), 'average_score': Decimal('4.8'), 'passed': False, 'number_of_credit': 3, 'learnt_times': 1, 'full_subject_code': 'SOF203'}, 'PMA': {'attendance_rate': Decimal('94.11765'), 'average_score': Decimal('7.2'), 'passed': True, 'number_of_credit': 3, 'learnt_times': 1, 'full_subject_code': 'PMA101'}, 'VIE3': {'attendance_rate': Decimal('37.50000'), 'average_score': Decimal('8.8'), 'passed': True, 'number_of_credit': 4, 'learnt_times': 1, 'full_subject_code': 'VIE101'}, 'ENT3': {'attendance_rate': Decimal('88.23529'), 'average_score': Decimal('6.9'), 'passed': True, 'number_of_credit': 3, 'learnt_times': 1, 'full_subject_code': 'ENT211'}}",HDI,1,89.32039,8.7,89.41176,7.74,85.14851,7.315789473684210526315789474
PH48078,"{'PDP': {'attendance_rate': Decimal('88.23529'), 'average_score': Decimal('7.8'), 'passed': True, 'number_of_credit': 3, 'learnt_times': 1, 'full_subject_code': 'PDP101'}, 'COM': {'attendance_rate': Decimal('61.11111'), 'average_score': Decimal('10.0'), 'passed': True, 'number_of_credit': 3, 'learnt_times': 1, 'full_subject_code': 'COM107'}, 'COM2': {'attendance_rate': Decimal('88.23529'), 'average_score': Decimal('7.1'), 'passed': True, 'number_of_credit': 3, 'learnt_times': 1, 'full_subject_code': 'COM108'}, 'ITI': {'attendance_rate': Decimal('94.11765'), 'average_score': Decimal('7.5'), 'passed': True, 'number_of_credit': 3, 'learnt_times': 1, 'full_subject_code': 'ITI101'}, 'VIE': {'attendance_rate': Decimal('0.00000'), 'average_score': Decimal('0.0'), 'passed': False, 'number_of_credit': 2, 'learnt_times': 1, 'full_subject_code': 'VIE103'}, 'ENT': {'attendance_rate': Decimal('100.00000'), 'average_score': Decimal('7.6'), 'passed': True, 'number_of_credit': 3, 'learnt_times': 1, 'full_subject_code': 'ENT111'}}","{'WEB': {'attendance_rate': Decimal('94.11765'), 'average_score': Decimal('8.7'), 'passed': True, 'number_of_credit': 3, 'learnt_times': 1, 'full_subject_code': 'WEB101'}, 'MOB': {'attendance_rate': Decimal('94.11765'), 'average_score': Decimal('8.0'), 'passed': True, 'number_of_credit': 3, 'learnt_times': 1, 'full_subject_code': 'MOB101'}, 'COM3': {'attendance_rate': Decimal('88.23529'), 'average_score': Decimal('9.3'), 'passed': True, 'number_of_credit': 3, 'learnt_times': 1, 'full_subject_code': 'COM201'}, 'WEB2': {'attendance_rate': Decimal('100.00000'), 'average_score': Decimal('8.8'), 'passed': True, 'number_of_credit': 3, 'learnt_times': 1, 'full_subject_code': 'WEB104'}, 'VIE2': {'attendance_rate': Decimal('30.00000'), 'average_score': Decimal('8.2'), 'passed': True, 'number_of_credit': 2, 'learnt_times': 1, 'full_subject_code': 'VIE102'}, 'ENT2': {'attendance_rate': Decimal('88.23529'), 'average_score': Decimal('8.0'), 'passed': True, 'number_of_credit': 3, 'learnt_times': 1, 'full_subject_code': 'ENT121'}}","{'WEB3': {'attendance_rate': Decimal('82.35294'), 'average_score': Decimal('8.7'), 'passed': True, 'number_of_credit': 3, 'learnt_times': 1, 'full_subject_code': 'WEB105'}, 'WEB4': {'attendance_rate': Decimal('37.50000'), 'average_score': Decimal('9.0'), 'passed': True, 'number_of_credit': 3, 'learnt_times': 1, 'full_subject_code': 'WEB302'}, 'WEB5': {'attendance_rate': Decimal('100.00000'), 'average_score': Decimal('8.9'), 'passed': True, 'number_of_credit': 3, 'learnt_times': 1, 'full_subject_code': 'WEB201'}, 'WEB6': {'attendance_rate': Decimal('100.00000'), 'average_score': Decimal('8.8'), 'passed': True, 'number_of_credit': 3, 'learnt_times': 1, 'full_subject_code': 'WEB205'}, 'VIE3': {'attendance_rate': Decimal('31.25000'), 'average_score': Decimal('10.0'), 'passed': True, 'number_of_credit': 4, 'learnt_times': 1, 'full_subject_code': 'VIE101'}, 'ENT3': {'attendance_rate': Decimal('82.35294'), 'average_score': Decimal('6.8'), 'passed': True, 'number_of_credit': 3, 'learnt_times': 1, 'full_subject_code': 'ENT211'}}",HDI,1,71.84466,7.058823529411764705882352941,86.31579,8.517647058823529411764705882,73.00000,8.768421052631578947368421053
PH48075,"{'PDP': {'attendance_rate': Decimal('100.00000'), 'average_score': Decimal('7.9'), 'passed': True, 'number_of_credit': 3, 'learnt_times': 1, 'full_subject_code': 'PDP101'}, 'COM': {'attendance_rate': Decimal('66.66667'), 'average_score': Decimal('8.5'), 'passed': True, 'number_of_credit': 3, 'learnt_times': 1, 'full_subject_code': 'COM107'}, 'COM2': {'attendance_rate': Decimal('94.11765'), 'average_score': Decimal('8.5'), 'passed': True, 'number_of_credit': 3, 'learnt_times': 1, 'full_subject_code': 'COM108'}, 'ITI': {'attendance_rate': Decimal('94.11765'), 'average_score': Decimal('8.3'), 'passed': True, 'number_of_credit': 3, 'learnt_times': 1, 'full_subject_code': 'ITI101'}, 'VIE': {'attendance_rate': Decimal('88.23529'), 'average_score': Decimal('7.1'), 'passed': True, 'number_of_credit': 2, 'learnt_times': 1, 'full_subject_code': 'VIE103'}, 'ENT': {'attendance_rate': Decimal('94.11765'), 'average_score': Decimal('7.7'), 'passed': True, 'number_of_credit': 3, 'learnt_times': 1, 'full_subject_code': 'ENT111'}}","{'WEB': {'attendance_rate': Decimal('94.11765'), 'average_score': Decimal('9.3'), 'passed': True, 'number_of_credit': 3, 'learnt_times': 1, 'full_subject_code': 'WEB101'}, 'MOB': {'attendance_rate': Decimal('88.23529'), 'average_score': Decimal('6.8'), 'passed': True, 'number_of_credit': 3, 'learnt_times': 1, 'full_subject_code': 'MOB101'}, 'COM3': {'attendance_rate': Decimal('100.00000'), 'average_score': Decimal('8.8'), 'passed': True, 'number_of_credit': 3, 'learnt_times': 1, 'full_subject_code': 'COM201'}, 'WEB2': {'attendance_rate': Decimal('94.11765'), 'average_score': Decimal('8.9'), 'passed': True, 'number_of_credit': 3, 'learnt_times': 1, 'full_subject_code': 'WEB104'}, 'VIE2': {'attendance_rate': Decimal('40.00000'), 'average_score': Decimal('7.8'), 'passed': True, 'number_of_credit': 2, 'learnt_times': 1, 'full_subject_code': 'VIE102'}, 'ENT2': {'attendance_rate': Decimal('88.23529'), 'average_score': Decimal('7.2'), 'passed': True, 'number_of_credit': 3, 'learnt_times': 1, 'full_subject_code': 'ENT121'}}","{'WEB3': {'attendance_rate': Decimal('88.23529'), 'average_score': Decimal('9.8'), 'passed': True, 'number_of_credit': 3, 'learnt_times': 1, 'full_subject_code': 'WEB105'}, 'WEB4': {'attendance_rate': Decimal('31.25000'), 'average_score': Decimal('9.5'), 'passed': True, 'number_of_credit': 3, 'learnt_times': 1, 'full_subject_code': 'WEB302'}, 'WEB5': {'attendance_rate': Decimal('100.00000'), 'average_score': Decimal('9.1'), 'passed': True, 'number_of_credit': 3, 'learnt_times': 1, 'full_subject_code': 'WEB201'}, 'WEB6': {'attendance_rate': Decimal('100.00000'), 'average_score': Decimal('9.1'), 'passed': True, 'number_of_credit': 3, 'learnt_times': 1, 'full_subject_code': 'WEB205'}, 'VIE3': {'attendance_rate': Decimal('37.50000'), 'average_score': Decimal('8.5'), 'passed': True, 'number_of_credit': 4, 'learnt_times': 1, 'full_subject_code': 'VIE101'}, 'ENT3': {'attendance_rate': Decimal('82.35294'), 'average_score': Decimal('7.7'), 'passed': True, 'number_of_credit': 3, 'learnt_times': 1, 'full_subject_code': 'ENT211'}}",HDI,1,89.32039,8.052941176470588235294117647,87.36842,8.152941176470588235294117647,74.00000,8.926315789473684210526315789
PH48072,"{'PDP': {'attendance_rate': Decimal('100.00000'), 'average_score': Decimal('7.3'), 'passed': True, 'number_of_credit': 3, 'learnt_times': 1, 'full_subject_code': 'PDP101'}, 'COM': {'attendance_rate': Decimal('61.11111'), 'average_score': Decimal('7.0'), 'passed': True, 'number_of_credit': 3, 'learnt_times': 1, 'full_subject_code': 'COM107'}, 'COM2': {'attendance_rate': Decimal('100.00000'), 'average_score': Decimal('7.2'), 'passed': True, 'number_of_credit': 3, 'learnt_times': 1, 'full_subject_code': 'COM108'}, 'ITI': {'attendance_rate': Decimal('82.35294'), 'average_score': Decimal('9.0'), 'passed': True, 'number_of_credit': 3, 'learnt_times': 1, 'full_subject_code': 'ITI101'}, 'VIE': {'attendance_rate': Decimal('88.23529'), 'average_score': Decimal('6.8'), 'passed': True, 'number_of_credit': 2, 'learnt_times': 1, 'full_subject_code': 'VIE103'}, 'ENT': {'attendance_rate': Decimal('94.11765'), 'average_score': Decimal('7.3'), 'passed': True, 'number_of_credit': 3, 'learnt_times': 1, 'full_subject_code': 'ENT111'}}","{'WEB': {'attendance_rate': Decimal('94.11765'), 'average_score': Decimal('6.7'), 'passed': True, 'number_of_credit': 3, 'learnt_times': 1, 'full_subject_code': 'WEB101'}, 'MOB': {'attendance_rate': Decimal('88.23529'), 'average_score': Decimal('4.0'), 'passed': False, 'number_of_credit': 3, 'learnt_times': 1, 'full_subject_code': 'MOB101'}, 'COM3': {'attendance_rate': Decimal('88.23529'), 'average_score': Decimal('5.7'), 'passed': True, 'number_of_credit': 3, 'learnt_times': 1, 'full_subject_code': 'COM201'}, 'WEB2': {'attendance_rate': Decimal('82.35294'), 'average_score': Decimal('7.1'), 'passed': True, 'number_of_credit': 3, 'learnt_times': 1, 'full_subject_code': 'WEB104'}, 'VIE2': {'attendance_rate': Decimal('40.00000'), 'average_score': Decimal('8.5'), 'passed': True, 'number_of_credit': 2, 'learnt_times': 1, 'full_subject_code': 'VIE102'}, 'ENT2': {'attendance_rate': Decimal('88.23529'), 'average_score': Decimal('5.8'), 'passed': True, 'number_of_credit': 3, 'learnt_times': 1, 'full_subject_code': 'ENT121'}}","{'WEB3': {'attendance_rate': Decimal('88.23529'), 'average_score': Decimal('8.9'), 'passed': True, 'number_of_credit': 3, 'learnt_times': 1, 'full_subject_code': 'WEB105'}, 'WEB4': {'attendance_rate': Decimal('31.25000'), 'average_score': Decimal('4.0'), 'passed': False, 'number_of_credit': 3, 'learnt_times': 1, 'full_subject_code': 'WEB302'}, 'WEB5': {'attendance_rate': Decimal('100.00000'), 'average_score': Decimal('7.5'), 'passed': True, 'number_of_credit': 3, 'learnt_times': 1, 'full_subject_code': 'WEB201'}, 'WEB6': {'attendance_rate': Decimal('100.00000'), 'average_score': Decimal('7.8'), 'passed': True, 'number_of_credit': 3, 'learnt_times': 1, 'full_subject_code': 'WEB205'}, 'VIE3': {'attendance_rate': Decimal('37.50000'), 'average_score': Decimal('9.3'), 'passed': True, 'number_of_credit': 4, 'learnt_times': 1, 'full_subject_code': 'VIE101'}, 'ENT3': {'attendance_rate': Decimal('88.23529'), 'average_score': Decimal('6.3'), 'passed': True, 'number_of_credit': 3, 'learnt_times': 1, 'full_subject_code': 'ENT211'}}",HDI,1,87.37864,7.470588235294117647058823529,83.15789,6.170588235294117647058823529,75.00000,7.405263157894736842105263158
PH48069,"{'PDP': {'attendance_rate': Decimal('100.00000'), 'average_score': Decimal('7.9'), 'passed': True, 'number_of_credit': 3, 'learnt_times': 1, 'full_subject_code': 'PDP101'}, 'COM': {'attendance_rate': Decimal('66.66667'), 'average_score': Decimal('10.0'), 'passed': True, 'number_of_credit': 3, 'learnt_times': 1, 'full_subject_code': 'COM107'}, 'COM2': {'attendance_rate': Decimal('94.11765'), 'average_score': Decimal('6.7'), 'passed': True, 'number_of_credit': 3, 'learnt_times': 1, 'full_subject_code': 'COM108'}, 'ITI': {'attendance_rate': Decimal('100.00000'), 'average_score': Decimal('8.9'), 'passed': True, 'number_of_credit': 3, 'learnt_times': 1, 'full_subject_code': 'ITI101'}, 'VIE': {'attendance_rate': Decimal('94.11765'), 'average_score': Decimal('6.9'), 'passed': True, 'number_of_credit': 2, 'learnt_times': 1, 'full_subject_code': 'VIE103'}, 'ENT': {'attendance_rate': Decimal('100.00000'), 'average_score': Decimal('7.7'), 'passed': True, 'number_of_credit': 3, 'learnt_times': 1, 'full_subject_code': 'ENT111'}}","{'WEB': {'attendance_rate': Decimal('100.00000'), 'average_score': Decimal('7.0'), 'passed': True, 'number_of_credit': 3, 'learnt_times': 1, 'full_subject_code': 'WEB101'}, 'MOB': {'attendance_rate': Decimal('100.00000'), 'average_score': Decimal('8.9'), 'passed': True, 'number_of_credit': 3, 'learnt_times': 2, 'full_subject_code': 'MOB101'}, 'COM3': {'attendance_rate': Decimal('100.00000'), 'average_score': Decimal('6.8'), 'passed': True, 'number_of_credit': 3, 'learnt_times': 1, 'full_subject_code': 'COM201'}, 'WEB2': {'attendance_rate': Decimal('100.00000'), 'average_score': Decimal('7.8'), 'passed': True, 'number_of_credit': 3, 'learnt_times': 1, 'full_subject_code': 'WEB104'}, 'VIE2': {'attendance_rate': Decimal('40.00000'), 'average_score': Decimal('9.0'), 'passed': True, 'number_of_credit': 2, 'learnt_times': 1, 'full_subject_code': 'VIE102'}, 'ENT2': {'attendance_rate': Decimal('94.11765'), 'average_score': Decimal('7.3'), 'passed': True, 'number_of_credit': 3, 'learnt_times': 1, 'full_subject_code': 'ENT121'}}","{'COM4': {'attendance_rate': Decimal('94.11765'), 'average_score': Decimal('8.0'), 'passed': True, 'number_of_credit': 3, 'learnt_times': 1, 'full_subject_code': 'COM203'}, 'MOB2': {'attendance_rate': Decimal('100.00000'), 'average_score': Decimal('6.2'), 'passed': False, 'number_of_credit': 3, 'learnt_times': 1, 'full_subject_code': 'MOB102'}, 'SOF': {'attendance_rate': Decimal('100.00000'), 'average_score': Decimal('6.8'), 'passed': True, 'number_of_credit': 3, 'learnt_times': 1, 'full_subject_code': 'SOF203'}, 'PMA': {'attendance_rate': Decimal('100.00000'), 'average_score': Decimal('7.6'), 'passed': True, 'number_of_credit': 3, 'learnt_times': 1, 'full_subject_code': 'PMA101'}, 'VIE3': {'attendance_rate': Decimal('37.50000'), 'average_score': Decimal('9.3'), 'passed': True, 'number_of_credit': 4, 'learnt_times': 1, 'full_subject_code': 'VIE101'}, 'ENT3': {'attendance_rate': Decimal('94.11765'), 'average_score': Decimal('7.2'), 'passed': True, 'number_of_credit': 3, 'learnt_times': 1, 'full_subject_code': 'ENT211'}}",HDI,1,92.23301,8.082352941176470588235294118,93.75000,7.729411764705882352941176471,88.11881,7.610526315789473684210526316
PH48067,"{'PDP': {'attendance_rate': Decimal('88.23529'), 'average_score': Decimal('6.2'), 'passed': False, 'number_of_credit': 3, 'learnt_times': 1, 'full_subject_code': 'PDP101'}, 'COM': {'attendance_rate': Decimal('50.00000'), 'average_score': Decimal('1.0'), 'passed': False, 'number_of_credit': 3, 'learnt_times': 1, 'full_subject_code': 'COM107'}, 'COM2': {'attendance_rate': Decimal('76.47059'), 'average_score': Decimal('4.1'), 'passed': False, 'number_of_credit': 3, 'learnt_times': 1, 'full_subject_code': 'COM108'}, 'ITI': {'attendance_rate': Decimal('82.35294'), 'average_score': Decimal('2.5'), 'passed': False, 'number_of_credit': 3, 'learnt_times': 1, 'full_subject_code': 'ITI101'}, 'VIE': {'attendance_rate': Decimal('82.35294'), 'average_score': Decimal('6.7'), 'passed': True, 'number_of_credit': 2, 'learnt_times': 1, 'full_subject_code': 'VIE103'}, 'ENT': {'attendance_rate': Decimal('82.35294'), 'average_score': Decimal('7.1'), 'passed': True, 'number_of_credit': 3, 'learnt_times': 1, 'full_subject_code': 'ENT111'}}","{'WEB': {'attendance_rate': Decimal('41.17647'), 'average_score': Decimal('0.3'), 'passed': False, 'number_of_credit': 3, 'learnt_times': 1, 'full_subject_code': 'WEB101'}, 'MOB': {'attendance_rate': Decimal('47.05882'), 'average_score': Decimal('2.0'), 'passed': False, 'number_of_credit': 3, 'learnt_times': 1, 'full_subject_code': 'MOB101'}, 'COM3': {'attendance_rate': Decimal('58.82353'), 'average_score': Decimal('0.0'), 'passed': False, 'number_of_credit': 3, 'learnt_times': 1, 'full_subject_code': 'COM201'}, 'WEB2': {'attendance_rate': Decimal('52.94118'), 'average_score': Decimal('1.2'), 'passed': False, 'number_of_credit': 3, 'learnt_times': 1, 'full_subject_code': 'WEB104'}, 'VIE2': {'attendance_rate': Decimal('20.00000'), 'average_score': Decimal('6.7'), 'passed': True, 'number_of_credit': 2, 'learnt_times': 1, 'full_subject_code': 'VIE102'}, 'ENT2': {'attendance_rate': Decimal('82.35294'), 'average_score': Decimal('2.5'), 'passed': False, 'number_of_credit': 3, 'learnt_times': 1, 'full_subject_code': 'ENT121'}}","{'WEB3': {'attendance_rate': Decimal('82.35294'), 'average_score': Decimal('6.3'), 'passed': True, 'number_of_credit': 3, 'learnt_times': 1, 'full_subject_code': 'WEB105'}, 'WEB4': {'attendance_rate': Decimal('31.25000'), 'average_score': Decimal('0.0'), 'passed': False, 'number_of_credit': 3, 'learnt_times': 1, 'full_subject_code': 'WEB302'}, 'WEB5': {'attendance_rate': Decimal('82.35294'), 'average_score': Decimal('6.8'), 'passed': True, 'number_of_credit': 3, 'learnt_times': 1, 'full_subject_code': 'WEB201'}, 'WEB6': {'attendance_rate': Decimal('88.23529'), 'average_score': Decimal('5.3'), 'passed': True, 'number_of_credit': 3, 'learnt_times': 1, 'full_subject_code': 'WEB205'}, 'VIE3': {'attendance_rate': Decimal('25.00000'), 'average_score': Decimal('9.2'), 'passed': True, 'number_of_credit': 4, 'learnt_times': 1, 'full_subject_code': 'VIE101'}, 'ENT3': {'attendance_rate': None, 'average_score': None, 'learnt_times': None, 'passed': False, 'full_subject_code': 'ENT211'}}",HDI,1,76.69903,4.476470588235294117647058824,52.63158,1.847058823529411764705882353,62.65060,5.75
PH48064,"{'PDP': {'attendance_rate': Decimal('100.00000'), 'average_score': Decimal('7.9'), 'passed': True, 'number_of_credit': 3, 'learnt_times': 1, 'full_subject_code': 'PDP101'}, 'COM': {'attendance_rate': Decimal('61.11111'), 'average_score': Decimal('10.0'), 'passed': True, 'number_of_credit': 3, 'learnt_times': 1, 'full_subject_code': 'COM107'}, 'COM2': {'attendance_rate': Decimal('94.11765'), 'average_score': Decimal('8.5'), 'passed': True, 'number_of_credit': 3, 'learnt_times': 1, 'full_subject_code': 'COM108'}, 'ITI': {'attendance_rate': Decimal('94.11765'), 'average_score': Decimal('8.5'), 'passed': True, 'number_of_credit': 3, 'learnt_times': 1, 'full_subject_code': 'ITI101'}, 'VIE': {'attendance_rate': Decimal('88.23529'), 'average_score': Decimal('6.4'), 'passed': True, 'number_of_credit': 2, 'learnt_times': 1, 'full_subject_code': 'VIE103'}, 'ENT': {'attendance_rate': Decimal('94.11765'), 'average_score': Decimal('8.7'), 'passed': True, 'number_of_credit': 3, 'learnt_times': 1, 'full_subject_code': 'ENT111'}}","{'WEB': {'attendance_rate': Decimal('100.00000'), 'average_score': Decimal('8.2'), 'passed': True, 'number_of_credit': 3, 'learnt_times': 1, 'full_subject_code': 'WEB101'}, 'MOB': {'attendance_rate': Decimal('88.23529'), 'average_score': Decimal('6.7'), 'passed': True, 'number_of_credit': 3, 'learnt_times': 1, 'full_subject_code': 'MOB101'}, 'COM3': {'attendance_rate': Decimal('100.00000'), 'average_score': Decimal('7.0'), 'passed': True, 'number_of_credit': 3, 'learnt_times': 1, 'full_subject_code': 'COM201'}, 'WEB2': {'attendance_rate': Decimal('94.11765'), 'average_score': Decimal('7.1'), 'passed': True, 'number_of_credit': 3, 'learnt_times': 1, 'full_subject_code': 'WEB104'}, 'VIE2': {'attendance_rate': Decimal('40.00000'), 'average_score': Decimal('7.8'), 'passed': True, 'number_of_credit': 2, 'learnt_times': 1, 'full_subject_code': 'VIE102'}, 'ENT2': {'attendance_rate': Decimal('94.11765'), 'average_score': Decimal('6.8'), 'passed': True, 'number_of_credit': 3, 'learnt_times': 1, 'full_subject_code': 'ENT121'}}","{'COM4': {'attendance_rate': Decimal('88.23529'), 'average_score': Decimal('8.0'), 'passed': True, 'number_of_credit': 3, 'learnt_times': 1, 'full_subject_code': 'COM203'}, 'MOB2': {'attendance_rate': Decimal('100.00000'), 'average_score': Decimal('7.3'), 'passed': True, 'number_of_credit': 3, 'learnt_times': 1, 'full_subject_code': 'MOB102'}, 'SOF': {'attendance_rate': Decimal('100.00000'), 'average_score': Decimal('7.0'), 'passed': True, 'number_of_credit': 3, 'learnt_times': 1, 'full_subject_code': 'SOF203'}, 'PMA': {'attendance_rate': Decimal('100.00000'), 'average_score': Decimal('8.1'), 'passed': True, 'number_of_credit': 3, 'learnt_times': 1, 'full_subject_code': 'PMA101'}, 'VIE3': {'attendance_rate': Decimal('31.25000'), 'average_score': Decimal('8.8'), 'passed': True, 'number_of_credit': 4, 'learnt_times': 1, 'full_subject_code': 'VIE101'}, 'ENT3': {'attendance_rate': Decimal('94.11765'), 'average_score': Decimal('6.8'), 'passed': True, 'number_of_credit': 3, 'learnt_times': 1, 'full_subject_code': 'ENT211'}}",HDI,1,88.34951,8.447058823529411764705882353,89.47368,7.235294117647058823529411765,86.13861,7.726315789473684210526315789
PH48063,"{'PDP': {'attendance_rate': Decimal('88.23529'), 'average_score': Decimal('7.5'), 'passed': True, 'number_of_credit': 3, 'learnt_times': 1, 'full_subject_code': 'PDP101'}, 'COM': {'attendance_rate': Decimal('66.66667'), 'average_score': Decimal('6.5'), 'passed': True, 'number_of_credit': 3, 'learnt_times': 1, 'full_subject_code': 'COM107'}, 'COM2': {'attendance_rate': Decimal('94.11765'), 'average_score': Decimal('8.0'), 'passed': True, 'number_of_credit': 3, 'learnt_times': 1, 'full_subject_code': 'COM108'}, 'ITI': {'attendance_rate': Decimal('94.11765'), 'average_score': Decimal('7.6'), 'passed': True, 'number_of_credit': 3, 'learnt_times': 1, 'full_subject_code': 'ITI101'}, 'VIE': {'attendance_rate': None, 'average_score': None, 'learnt_times': None, 'passed': True, 'number_of_credit': None, 'full_subject_code': 'VIE103'}, 'ENT': {'attendance_rate': None, 'average_score': None, 'learnt_times': None, 'passed': True, 'number_of_credit': None, 'full_subject_code': 'ENT111'}}","{'WEB': {'attendance_rate': Decimal('94.11765'), 'average_score': Decimal('6.1'), 'passed': True, 'number_of_credit': 3, 'learnt_times': 1, 'full_subject_code': 'WEB101'}, 'MOB': {'attendance_rate': Decimal('88.23529'), 'average_score': Decimal('6.4'), 'passed': True, 'number_of_credit': 3, 'learnt_times': 1, 'full_subject_code': 'MOB101'}, 'COM3': {'attendance_rate': Decimal('82.35294'), 'average_score': Decimal('6.9'), 'passed': True, 'number_of_credit': 3, 'learnt_times': 1, 'full_subject_code': 'COM201'}, 'WEB2': {'attendance_rate': Decimal('100.00000'), 'average_score': Decimal('6.6'), 'passed': True, 'number_of_credit': 3, 'learnt_times': 1, 'full_subject_code': 'WEB104'}, 'VIE2': {'attendance_rate': Decimal('40.00000'), 'average_score': Decimal('8.7'), 'passed': True, 'number_of_credit': 2, 'learnt_times': 1, 'full_subject_code': 'VIE102'}, 'ENT2': {'attendance_rate': None, 'average_score': None, 'learnt_times': None, 'passed': True, 'full_subject_code': 'ENT121'}}","{'WEB3': {'attendance_rate': Decimal('88.23529'), 'average_score': Decimal('8.5'), 'passed': True, 'number_of_credit': 3, 'learnt_times': 1, 'full_subject_code': 'WEB105'}, 'WEB4': {'attendance_rate': Decimal('31.25000'), 'average_score': Decimal('3.0'), 'passed': False, 'number_of_credit': 3, 'learnt_times': 1, 'full_subject_code': 'WEB302'}, 'WEB5': {'attendance_rate': Decimal('94.11765'), 'average_score': Decimal('6.7'), 'passed': True, 'number_of_credit': 3, 'learnt_times': 1, 'full_subject_code': 'WEB201'}, 'WEB6': {'attendance_rate': Decimal('88.23529'), 'average_score': Decimal('2.4'), 'passed': False, 'number_of_credit': 3, 'learnt_times': 1, 'full_subject_code': 'WEB205'}, 'VIE3': {'attendance_rate': Decimal('31.25000'), 'average_score': Decimal('10.0'), 'passed': True, 'number_of_credit': 4, 'learnt_times': 1, 'full_subject_code': 'VIE101'}, 'ENT3': {'attendance_rate': None, 'average_score': None, 'learnt_times': None, 'passed': True, 'full_subject_code': 'ENT211'}}",HDI,1,85.50725,7.4,84.61538,6.814285714285714285714285714,67.46988,6.3625
PH48053,"{'PDP': {'attendance_rate': Decimal('100.00000'), 'average_score': Decimal('7.7'), 'passed': True, 'number_of_credit': 3, 'learnt_times': 1, 'full_subject_code': 'PDP101'}, 'COM': {'attendance_rate': Decimal('55.55556'), 'average_score': Decimal('9.3'), 'passed': True, 'number_of_credit': 3, 'learnt_times': 1, 'full_subject_code': 'COM107'}, 'COM2': {'attendance_rate': Decimal('88.23529'), 'average_score': Decimal('9.1'), 'passed': True, 'number_of_credit': 3, 'learnt_times': 1, 'full_subject_code': 'COM108'}, 'ITI': {'attendance_rate': Decimal('88.23529'), 'average_score': Decimal('7.9'), 'passed': True, 'number_of_credit': 3, 'learnt_times': 1, 'full_subject_code': 'ITI101'}, 'VIE': {'attendance_rate': Decimal('82.35294'), 'average_score': Decimal('6.9'), 'passed': True, 'number_of_credit': 2, 'learnt_times': 1, 'full_subject_code': 'VIE103'}, 'ENT': {'attendance_rate': Decimal('82.35294'), 'average_score': Decimal('7.9'), 'passed': True, 'number_of_credit': 3, 'learnt_times': 1, 'full_subject_code': 'ENT111'}}","{'WEB': {'attendance_rate': Decimal('82.35294'), 'average_score': Decimal('6.6'), 'passed': True, 'number_of_credit': 3, 'learnt_times': 1, 'full_subject_code': 'WEB101'}, 'MOB': {'attendance_rate': Decimal('82.35294'), 'average_score': Decimal('6.7'), 'passed': True, 'number_of_credit': 3, 'learnt_times': 1, 'full_subject_code': 'MOB101'}, 'COM3': {'attendance_rate': Decimal('82.35294'), 'average_score': Decimal('5.9'), 'passed': True, 'number_of_credit': 3, 'learnt_times': 1, 'full_subject_code': 'COM201'}, 'WEB2': {'attendance_rate': Decimal('82.35294'), 'average_score': Decimal('8.4'), 'passed': True, 'number_of_credit': 3, 'learnt_times': 1, 'full_subject_code': 'WEB104'}, 'VIE2': {'attendance_rate': Decimal('40.00000'), 'average_score': Decimal('8.7'), 'passed': True, 'number_of_credit': 2, 'learnt_times': 1, 'full_subject_code': 'VIE102'}, 'ENT2': {'attendance_rate': Decimal('88.23529'), 'average_score': Decimal('7.2'), 'passed': True, 'number_of_credit': 3, 'learnt_times': 1, 'full_subject_code': 'ENT121'}}","{'WEB3': {'attendance_rate': Decimal('88.23529'), 'average_score': Decimal('6.6'), 'passed': True, 'number_of_credit': 3, 'learnt_times': 1, 'full_subject_code': 'WEB105'}, 'WEB4': {'attendance_rate': Decimal('25.00000'), 'average_score': Decimal('3.0'), 'passed': False, 'number_of_credit': 3, 'learnt_times': 1, 'full_subject_code': 'WEB302'}, 'WEB5': {'attendance_rate': Decimal('94.11765'), 'average_score': Decimal('7.9'), 'passed': True, 'number_of_credit': 3, 'learnt_times': 1, 'full_subject_code': 'WEB201'}, 'WEB6': {'attendance_rate': Decimal('100.00000'), 'average_score': Decimal('8.7'), 'passed': True, 'number_of_credit': 3, 'learnt_times': 1, 'full_subject_code': 'WEB205'}, 'VIE3': {'attendance_rate': Decimal('37.50000'), 'average_score': Decimal('9.2'), 'passed': True, 'number_of_credit': 4, 'learnt_times': 1, 'full_subject_code': 'VIE101'}, 'ENT3': {'attendance_rate': Decimal('82.35294'), 'average_score': Decimal('7.3'), 'passed': True, 'number_of_credit': 3, 'learnt_times': 1, 'full_subject_code': 'ENT211'}}",HDI,1,82.52427,8.205882352941176470588235294,78.94737,7.164705882352941176470588235,72.00000,7.226315789473684210526315789
PH48034,"{'PDP': {'attendance_rate': Decimal('100.00000'), 'average_score': Decimal('7.9'), 'passed': True, 'number_of_credit': 3, 'learnt_times': 1, 'full_subject_code': 'PDP101'}, 'COM': {'attendance_rate': Decimal('66.66667'), 'average_score': Decimal('8.5'), 'passed': True, 'number_of_credit': 3, 'learnt_times': 1, 'full_subject_code': 'COM107'}, 'COM2': {'attendance_rate': Decimal('100.00000'), 'average_score': Decimal('6.6'), 'passed': True, 'number_of_credit': 3, 'learnt_times': 1, 'full_subject_code': 'COM108'}, 'ITI': {'attendance_rate': Decimal('100.00000'), 'average_score': Decimal('8.1'), 'passed': True, 'number_of_credit': 3, 'learnt_times': 1, 'full_subject_code': 'ITI101'}, 'VIE': {'attendance_rate': Decimal('100.00000'), 'average_score': Decimal('7.9'), 'passed': True, 'number_of_credit': 2, 'learnt_times': 1, 'full_subject_code': 'VIE103'}, 'ENT': {'attendance_rate': Decimal('94.11765'), 'average_score': Decimal('8.2'), 'passed': True, 'number_of_credit': 3, 'learnt_times': 1, 'full_subject_code': 'ENT111'}}","{'WEB': {'attendance_rate': Decimal('100.00000'), 'average_score': Decimal('8.6'), 'passed': True, 'number_of_credit': 3, 'learnt_times': 1, 'full_subject_code': 'WEB101'}, 'MOB': {'attendance_rate': Decimal('100.00000'), 'average_score': Decimal('8.1'), 'passed': True, 'number_of_credit': 3, 'learnt_times': 1, 'full_subject_code': 'MOB101'}, 'COM3': {'attendance_rate': Decimal('100.00000'), 'average_score': Decimal('8.1'), 'passed': True, 'number_of_credit': 3, 'learnt_times': 1, 'full_subject_code': 'COM201'}, 'WEB2': {'attendance_rate': Decimal('94.11765'), 'average_score': Decimal('8.2'), 'passed': True, 'number_of_credit': 3, 'learnt_times': 1, 'full_subject_code': 'WEB104'}, 'VIE2': {'attendance_rate': Decimal('40.00000'), 'average_score': Decimal('8.3'), 'passed': True, 'number_of_credit': 2, 'learnt_times': 1, 'full_subject_code': 'VIE102'}, 'ENT2': {'attendance_rate': Decimal('100.00000'), 'average_score': Decimal('7.9'), 'passed': True, 'number_of_credit': 3, 'learnt_times': 1, 'full_subject_code': 'ENT121'}}","{'WEB3': {'attendance_rate': Decimal('100.00000'), 'average_score': Decimal('9.1'), 'passed': True, 'number_of_credit': 3, 'learnt_times': 1, 'full_subject_code': 'WEB105'}, 'WEB4': {'attendance_rate': Decimal('37.50000'), 'average_score': Decimal('8.5'), 'passed': True, 'number_of_credit': 3, 'learnt_times': 1, 'full_subject_code': 'WEB302'}, 'WEB5': {'attendance_rate': Decimal('100.00000'), 'average_score': Decimal('7.7'), 'passed': True, 'number_of_credit': 3, 'learnt_times': 1, 'full_subject_code': 'WEB201'}, 'WEB6': {'attendance_rate': Decimal('100.00000'), 'average_score': Decimal('7.4'), 'passed': True, 'number_of_credit': 3, 'learnt_times': 1, 'full_subject_code': 'WEB205'}, 'VIE3': {'attendance_rate': Decimal('31.25000'), 'average_score': Decimal('10.0'), 'passed': True, 'number_of_credit': 4, 'learnt_times': 1, 'full_subject_code': 'VIE101'}, 'ENT3': {'attendance_rate': Decimal('94.11765'), 'average_score': Decimal('7.1'), 'passed': True, 'number_of_credit': 3, 'learnt_times': 1, 'full_subject_code': 'ENT211'}}",HDI,1,93.20388,7.864705882352941176470588235,92.63158,8.194117647058823529411764706,78.00000,8.389473684210526315789473684
PH48013,"{'PDP': {'attendance_rate': None, 'average_score': None, 'learnt_times': None, 'passed': True, 'number_of_credit': None, 'full_subject_code': 'PDP101'}, 'COM': {'attendance_rate': None, 'average_score': Decimal('7.3'), 'passed': True, 'number_of_credit': 3, 'learnt_times': 1, 'full_subject_code': 'COM107'}, 'COM2': {'attendance_rate': Decimal('100.00000'), 'average_score': Decimal('8.8'), 'passed': True, 'number_of_credit': 3, 'learnt_times': 1, 'full_subject_code': 'COM108'}, 'ITI': {'attendance_rate': Decimal('94.11765'), 'average_score': Decimal('8.6'), 'passed': True, 'number_of_credit': 3, 'learnt_times': 1, 'full_subject_code': 'ITI101'}, 'VIE': {'attendance_rate': Decimal('82.35294'), 'average_score': Decimal('6.9'), 'passed': True, 'number_of_credit': 2, 'learnt_times': 1, 'full_subject_code': 'VIE103'}, 'ENT': {'attendance_rate': None, 'average_score': Decimal('8.9'), 'passed': True, 'number_of_credit': 3, 'learnt_times': 1, 'full_subject_code': 'ENT111'}}","{'MOB': {'attendance_rate': Decimal('100.00000'), 'average_score': Decimal('8.9'), 'passed': True, 'number_of_credit': 3, 'learnt_times': 1, 'full_subject_code': 'MOB101'}, 'WEB': {'attendance_rate': Decimal('94.11765'), 'average_score': Decimal('6.1'), 'passed': True, 'number_of_credit': 3, 'learnt_times': 1, 'full_subject_code': 'WEB101'}, 'MOB2': {'attendance_rate': Decimal('88.23529'), 'average_score': Decimal('6.5'), 'passed': True, 'number_of_credit': 3, 'learnt_times': 1, 'full_subject_code': 'MOB102'}, 'WEB2': {'attendance_rate': Decimal('82.35294'), 'average_score': Decimal('6.5'), 'passed': True, 'number_of_credit': 3, 'learnt_times': 1, 'full_subject_code': 'WEB106'}, 'VIE2': {'attendance_rate': Decimal('40.00000'), 'average_score': Decimal('1.0'), 'passed': False, 'number_of_credit': 2, 'learnt_times': 1, 'full_subject_code': 'VIE102'}, 'ENT2': {'attendance_rate': None, 'average_score': Decimal('7.1'), 'passed': True, 'number_of_credit': 3, 'learnt_times': 1, 'full_subject_code': 'ENT121'}}","{'AND': {'attendance_rate': Decimal('94.11765'), 'average_score': Decimal('6.8'), 'passed': True, 'number_of_credit': 3, 'learnt_times': 1, 'full_subject_code': 'AND101'}, 'COM3': {'attendance_rate': Decimal('94.11765'), 'average_score': Decimal('7.6'), 'passed': True, 'number_of_credit': 3, 'learnt_times': 1, 'full_subject_code': 'COM201'}, 'AND2': {'attendance_rate': Decimal('88.23529'), 'average_score': Decimal('6.1'), 'passed': True, 'number_of_credit': 3, 'learnt_times': 1, 'full_subject_code': 'AND102'}, 'SOF': {'attendance_rate': Decimal('94.11765'), 'average_score': Decimal('8.0'), 'passed': True, 'number_of_credit': 3, 'learnt_times': 1, 'full_subject_code': 'SOF102'}, 'VIE3': {'attendance_rate': Decimal('37.50000'), 'average_score': Decimal('8.5'), 'passed': True, 'number_of_credit': 4, 'learnt_times': 1, 'full_subject_code': 'VIE101'}, 'ENT3': {'attendance_rate': Decimal('88.23529'), 'average_score': Decimal('6.8'), 'passed': True, 'number_of_credit': 3, 'learnt_times': 1, 'full_subject_code': 'ENT211'}}",HDI,1,92.15686,8.185714285714285714285714286,84.61538,6.311764705882352941176470588,83.16832,7.363157894736842105263157895
PH48010,"{'PDP': {'attendance_rate': None, 'average_score': Decimal('8.6'), 'passed': True, 'number_of_credit': 3, 'learnt_times': 1, 'full_subject_code': 'PDP101'}, 'COM': {'attendance_rate': None, 'average_score': Decimal('9.0'), 'passed': True, 'number_of_credit': 3, 'learnt_times': 1, 'full_subject_code': 'COM107'}, 'COM2': {'attendance_rate': Decimal('88.23529'), 'average_score': Decimal('3.9'), 'passed': False, 'number_of_credit': 3, 'learnt_times': 1, 'full_subject_code': 'COM108'}, 'ITI': {'attendance_rate': Decimal('94.11765'), 'average_score': Decimal('8.9'), 'passed': True, 'number_of_credit': 3, 'learnt_times': 1, 'full_subject_code': 'ITI101'}, 'VIE': {'attendance_rate': Decimal('88.23529'), 'average_score': Decimal('6.7'), 'passed': True, 'number_of_credit': 2, 'learnt_times': 1, 'full_subject_code': 'VIE103'}, 'ENT': {'attendance_rate': None, 'average_score': Decimal('7.5'), 'passed': True, 'number_of_credit': 3, 'learnt_times': 1, 'full_subject_code': 'ENT111'}}","{'WEB': {'attendance_rate': Decimal('94.11765'), 'average_score': Decimal('8.1'), 'passed': True, 'number_of_credit': 3, 'learnt_times': 1, 'full_subject_code': 'WEB101'}, 'MOB': {'attendance_rate': Decimal('88.23529'), 'average_score': Decimal('6.5'), 'passed': True, 'number_of_credit': 3, 'learnt_times': 1, 'full_subject_code': 'MOB101'}, 'COM3': {'attendance_rate': Decimal('94.11765'), 'average_score': Decimal('9.0'), 'passed': True, 'number_of_credit': 3, 'learnt_times': 1, 'full_subject_code': 'COM201'}, 'WEB2': {'attendance_rate': Decimal('70.58824'), 'average_score': Decimal('4.1'), 'passed': False, 'number_of_credit': 3, 'learnt_times': 1, 'full_subject_code': 'WEB104'}, 'VIE2': {'attendance_rate': Decimal('40.00000'), 'average_score': Decimal('7.7'), 'passed': True, 'number_of_credit': 2, 'learnt_times': 1, 'full_subject_code': 'VIE102'}, 'ENT2': {'attendance_rate': None, 'average_score': Decimal('6.6'), 'passed': True, 'number_of_credit': 3, 'learnt_times': 1, 'full_subject_code': 'ENT121'}}","{'WEB3': {'attendance_rate': Decimal('82.35294'), 'average_score': Decimal('6.8'), 'passed': True, 'number_of_credit': 3, 'learnt_times': 1, 'full_subject_code': 'WEB105'}, 'WEB4': {'attendance_rate': Decimal('31.25000'), 'average_score': Decimal('5.5'), 'passed': True, 'number_of_credit': 3, 'learnt_times': 1, 'full_subject_code': 'WEB302'}, 'WEB5': {'attendance_rate': Decimal('94.11765'), 'average_score': Decimal('7.9'), 'passed': True, 'number_of_credit': 3, 'learnt_times': 1, 'full_subject_code': 'WEB201'}, 'WEB6': {'attendance_rate': Decimal('94.11765'), 'average_score': Decimal('6.2'), 'passed': True, 'number_of_credit': 3, 'learnt_times': 1, 'full_subject_code': 'WEB205'}, 'VIE3': {'attendance_rate': Decimal('31.25000'), 'average_score': Decimal('8.7'), 'passed': True, 'number_of_credit': 4, 'learnt_times': 1, 'full_subject_code': 'VIE101'}, 'ENT3': {'attendance_rate': Decimal('88.23529'), 'average_score': Decimal('7.4'), 'passed': True, 'number_of_credit': 3, 'learnt_times': 1, 'full_subject_code': 'ENT211'}}",HDI,1,90.19608,7.476470588235294117647058824,80.76923,6.958823529411764705882352941,71.00000,7.168421052631578947368421053
